account_id,novelty
ACC1001,0.9623661101997492
ACC1002,0.533339766476889
ACC1003,0.764546945865097
ACC1004,0.776705587185178
ACC1005,0.3206600405288044
ACC1006,0.8899932451992666
ACC1007,0.6938145324712921
ACC1008,0.7871272797452475
ACC1009,0.624143587764161
ACC1010,0.9341889414262279
ACC1011,0.9309080382128727
ACC1012,0.02451027694683007
ACC1013,0.07034642478046897
ACC1014,0.22869825340152466
ACC1015,0.7157193862781048
ACC1016,0.4908810190099392
ACC1017,0.363601273762424
ACC1018,0.14397375277429317
ACC1019,0.8323844446588826
ACC1020,0.32924828717552834
ACC1021,0.6175817813374506
ACC1022,0.9375663417929171
ACC1023,0.4301843095628679
ACC1024,0.314098234102094
ACC1025,0.7966804979253111
ACC1026,0.3102383479687349
ACC1027,0.9047573096593651
ACC1028,0.35723246164238154
ACC1029,0.26999903502846667
ACC1030,0.31680015439544534
ACC1031,0.9364083759529094
ACC1032,0.810093602238734
ACC1033,0.08916336968059442
ACC1034,0.7556692077583711
ACC1035,0.5728071021904854
ACC1036,0.7069381453247129
ACC1037,0.036958409726913055
ACC1038,0.4355881501495706
ACC1039,0.4715815883431439
ACC1040,0.5510952426903406
ACC1041,0.13828042072758853
ACC1042,0.6371707034642478
ACC1043,0.7578886422850526
ACC1044,0.8658689568657725
ACC1045,0.7855833252919039
ACC1046,0.8050757502653672
ACC1047,0.36060986200907075
ACC1048,0.12100743028080671
ACC1049,0.500144745730001
ACC1050,0.18199363118787995
ACC1051,0.7691788092251278
ACC1052,0.3463282833156422
ACC1053,0.07787320274051915
ACC1054,0.23506706552156711
ACC1055,0.6923670751712825
ACC1056,0.15014957058766767
ACC1057,0.9152754993727685
ACC1058,0.43722860175624817
ACC1059,0.13818392357425455
ACC1060,0.5879571552639197
ACC1061,0.9158544822927723
ACC1062,0.40461256392936407
ACC1063,0.7650294316317668
ACC1064,0.9063012641127087
ACC1065,0.9244427289394963
ACC1066,0.02393129402682621
ACC1067,0.5347872237768986
ACC1068,0.851104892405674
ACC1069,0.44572035124963816
ACC1070,0.9913152561999421
ACC1071,0.9816655408665445
ACC1072,0.4211135771494741
ACC1073,0.7242111357714948
ACC1074,0.33040625301553606
ACC1075,0.6299334169641996
ACC1076,0.3661101997491074
ACC1077,0.8948181028659654
ACC1078,0.041783267393611885
ACC1079,0.8754221750458362
ACC1080,0.4760204573965068
ACC1081,0.15024606774100163
ACC1082,0.9865868956865772
ACC1083,0.1586413200810576
ACC1084,0.9266621634661778
ACC1085,0.1951172440413008
ACC1086,0.19145035221460968
ACC1087,0.9907362732799383
ACC1088,0.13065714561420438
ACC1089,0.1273762424008492
ACC1090,0.710605037151404
ACC1091,0.8328669304255525
ACC1092,0.1702209784811348
ACC1093,0.23313712245488757
ACC1094,0.9740422657531603
ACC1095,0.9812795522532085
ACC1096,0.7751616327318344
ACC1097,0.9369873588729133
ACC1098,0.7889607256585931
ACC1099,0.08211907748721413
ACC1100,0.6283894625108559
ACC1101,0.8953005886326353
ACC1102,0.3153526970954357
ACC1103,0.44687831708964587
ACC1104,0.913635047766091
ACC1105,0.37074206310913826
ACC1106,0.36958409726913055
ACC1107,0.46386181607642574
ACC1108,0.6727781530444852
ACC1109,0.8295860272121972
ACC1110,0.39486635144263244
ACC1111,0.01553604168677024
ACC1112,0.9920872334266139
ACC1113,0.9663224934864422
ACC1114,0.3748914407024993
ACC1115,0.7449580237382997
ACC1116,0.5311203319502075
ACC1117,0.5651838270771012
ACC1118,0.41995561130946635
ACC1119,0.38859403647592394
ACC1120,0.3008781240953392
ACC1121,0.5298658689568658
ACC1122,0.033291517900221945
ACC1123,0.6123709350574158
ACC1124,0.264595194441764
ACC1125,0.5930715043906205
ACC1126,0.14078934671427193
ACC1127,0.326449869728843
ACC1128,0.15777284570105182
ACC1129,0.7117630029914117
ACC1130,0.23120717938820806
ACC1131,0.7006658303580044
ACC1132,0.7603010711184021
ACC1133,0.6468204187976455
ACC1134,0.6127569236707517
ACC1135,0.7411946347582746
ACC1136,0.2310141850815401
ACC1137,0.3003956383286693
ACC1138,0.37373347486249153
ACC1139,0.7774775644118499
ACC1140,0.9154684936794365
ACC1141,0.6319598571842131
ACC1142,0.5153912959567692
ACC1143,0.37595290938917303
ACC1144,0.7457300009649716
ACC1145,0.7764160957251761
ACC1146,0.10749782881404998
ACC1147,0.3561709929557078
ACC1148,0.1625012062144167
ACC1149,0.4990832770433272
ACC1150,0.45363311782302423
ACC1151,0.5795619029238638
ACC1152,0.5672102672971148
ACC1153,0.5002412428833349
ACC1154,0.9843674611598958
ACC1155,0.04207275885361382
ACC1156,0.7752581298851684
ACC1157,0.024027791180160185
ACC1158,0.32297597220881985
ACC1159,0.4907845218566052
ACC1160,0.45469458650969796
ACC1161,0.3249059152754994
ACC1162,0.39602431728264015
ACC1163,0.001640451606677603
ACC1164,0.834700376338898
ACC1165,0.43076329248287176
ACC1166,0.6470134131043134
ACC1167,0.6556016597510373
ACC1168,0.5256199942101708
ACC1169,0.8439641030589597
ACC1170,0.9026343722860176
ACC1171,0.9530058863263534
ACC1172,0.14850911898099006
ACC1173,0.8773521181125157
ACC1174,0.4013316607160089
ACC1175,0.5938434816172923
ACC1176,0.4863456528032423
ACC1177,0.888738782205925
ACC1178,0.05037151404033581
ACC1179,0.34980218083566533
ACC1180,0.029045643153526972
ACC1181,0.33831901958892213
ACC1182,0.7404226575316029
ACC1183,0.9368908617195792
ACC1184,0.6456624529576378
ACC1185,0.9746212486731641
ACC1186,0.5812988516838753
ACC1187,0.880150535559201
ACC1188,0.7379137315449195
ACC1189,0.6577245971243848
ACC1190,0.4377110875229181
ACC1191,0.23680401428157868
ACC1192,0.31419473125542796
ACC1193,0.19849464440798997
ACC1194,0.615651838270771
ACC1195,0.5730965936504873
ACC1196,0.8000578982920004
ACC1197,0.4014281578693428
ACC1198,0.181800636881212
ACC1199,0.9830165010132201
ACC1200,0.07864517996719096
ACC1201,0.9106436360127377
ACC1202,0.17610730483450737
ACC1203,0.5270674515101804
ACC1204,0.591238058477275
ACC1205,0.1830550998745537
ACC1206,0.3166071600887774
ACC1207,0.4931004535366207
ACC1208,0.8333494161922224
ACC1209,0.4738975200231593
ACC1210,0.053652417253691013
ACC1211,0.6932355495512882
ACC1212,0.9915082505066101
ACC1213,0.48769661294991795
ACC1214,0.8712727974524751
ACC1215,0.9087136929460581
ACC1216,0.05973173791373154
ACC1217,0.34430184309562867
ACC1218,0.5032326546366882
ACC1219,0.4942584193766284
ACC1220,0.11724404130078163
ACC1221,0.5804303773038695
ACC1222,0.9447071311396313
ACC1223,0.7401331660716008
ACC1224,0.9117051046994114
ACC1225,0.18093216250120622
ACC1226,0.31062433658207084
ACC1227,0.9478915371996526
ACC1228,0.24288333494161923
ACC1229,0.4527646434430184
ACC1230,0.18662549454791083
ACC1231,0.5842902634372286
ACC1232,0.5464633793303098
ACC1233,0.6953584869246358
ACC1234,0.022001350960146677
ACC1235,0.03985332432693236
ACC1236,0.5756055196371707
ACC1237,0.7409051432982727
ACC1238,0.7075171282447168
ACC1239,0.7357907941715719
ACC1240,0.2631477371417543
ACC1241,0.8495609379523305
ACC1242,0.34150342564894337
ACC1243,0.6827173598378847
ACC1244,0.7194827752581299
ACC1245,0.6547331853710315
ACC1246,0.5388401042169256
ACC1247,0.48624915564990834
ACC1248,0.2335231110682235
ACC1249,0.7492038984849947
ACC1250,0.8284280613721895
ACC1251,0.7647399401717649
ACC1252,0.3863746019492425
ACC1253,0.21731158930811542
ACC1254,0.022580333880150537
ACC1255,0.983402489626556
ACC1256,0.9661294991797742
ACC1257,0.9845604554665638
ACC1258,0.15265849657435104
ACC1259,0.4665637363697771
ACC1260,0.5271639486635145
ACC1261,0.6417060696709447
ACC1262,0.8212872720254752
ACC1263,0.4727395541831516
ACC1264,0.2812892019685419
ACC1265,0.9133455563060889
ACC1266,0.12506031072083373
ACC1267,0.7173598378847824
ACC1268,0.9866833928399112
ACC1269,0.132297597220882
ACC1270,0.7426420920582842
ACC1271,0.6418990639776126
ACC1272,0.12776223101418507
ACC1273,0.6934285438579562
ACC1274,0.6662163466177747
ACC1275,0.9336099585062241
ACC1276,0.2797452475151983
ACC1277,0.9430666795329538
ACC1278,0.14455273569429702
ACC1279,0.7378172343915854
ACC1280,0.9690244137797935
ACC1281,0.2830261507285535
ACC1282,0.32037054906880247
ACC1283,0.5098909582167326
ACC1284,0.20795136543471968
ACC1285,0.6095725176107305
ACC1286,0.8963620573193091
ACC1287,0.2752098813085014
ACC1288,0.13152561999421017
ACC1289,0.19492424973463282
ACC1290,0.9304255524462028
ACC1291,0.4251664575895011
ACC1292,0.19202933513461354
ACC1293,0.6890861719579272
ACC1294,0.2761748528418412
ACC1295,0.7744861526584966
ACC1296,0.32693235549551286
ACC1297,0.7818199363118788
ACC1298,0.950303966033002
ACC1299,0.9080382128727202
ACC1300,0.3576184502557175
ACC1301,0.8363408279455756
ACC1302,0.015343047380102287
ACC1303,0.3672681655891151
ACC1304,0.4969603396699797
ACC1305,0.058091286307053944
ACC1306,0.3950593457493004
ACC1307,0.5573675576570492
ACC1308,0.9637170703464247
ACC1309,0.9684454308597896
ACC1310,0.598957830743993
ACC1311,0.772749203898485
ACC1312,0.30888738782205927
ACC1313,0.22754028756151692
ACC1314,0.28659654540191065
ACC1315,0.805558236032037
ACC1316,0.3352311106822349
ACC1317,0.6666988323844446
ACC1318,0.47206407410981377
ACC1319,0.6199942101707999
ACC1320,0.44967673453633117
ACC1321,0.7859693139052398
ACC1322,0.02586123709350574
ACC1323,0.3250024124288334
ACC1324,0.3716105374891441
ACC1325,0.8815979928592107
ACC1326,0.04477467914696517
ACC1327,0.5319888063302133
ACC1328,0.8462800347389752
ACC1329,0.049985525426999904
ACC1330,0.9189423911994596
ACC1331,0.5078645179967191
ACC1332,0.6836823313712246
ACC1333,0.6787609765511917
ACC1334,0.38907652224259387
ACC1335,0.8612370935057416
ACC1336,0.7862588053652417
ACC1337,0.08694393515391297
ACC1338,0.19897713017465984
ACC1339,0.4962848595966419
ACC1340,0.3111068223487407
ACC1341,0.8064267104120428
ACC1342,0.4841262182765608
ACC1343,0.8051722474187012
ACC1344,0.875808163659172
ACC1345,0.47245006272314966
ACC1346,0.6182572614107884
ACC1347,0.08327704332722184
ACC1348,0.2739554183151597
ACC1349,0.743703560744958
ACC1350,0.49773231689665154
ACC1351,0.6808839139245392
ACC1352,0.7002798417446685
ACC1353,0.4351056643829007
ACC1354,0.9861044099199073
ACC1355,0.9681559393997877
ACC1356,0.13528900897423526
ACC1357,0.9258901862395059
ACC1358,0.28920196854192803
ACC1359,0.40084917494933897
ACC1360,0.4566245295763775
ACC1361,0.9401717649329345
ACC1362,0.5392260928302615
ACC1363,0.09726913056064847
ACC1364,0.3128437711087523
ACC1365,0.4202451027694683
ACC1366,0.9085206986393901
ACC1367,0.3623468107690823
ACC1368,0.05239795426034932
ACC1369,0.49599536813663997
ACC1370,0.7944610633986298
ACC1371,0.7549937276850333
ACC1372,0.6005017851973367
ACC1373,0.14532471292096882
ACC1374,0.4061565183827077
ACC1375,0.888545787899257
ACC1376,0.07092540770047284
ACC1377,0.07208337354048056
ACC1378,0.11955997298079707
ACC1379,0.6588825629643925
ACC1380,0.3284763099488565
ACC1381,0.47331853710315547
ACC1382,0.6875422175045837
ACC1383,0.06291614397375278
ACC1384,0.3285728071021905
ACC1385,0.7403261603782688
ACC1386,0.8415516742256104
ACC1387,0.6139148895107595
ACC1388,0.3616713306957445
ACC1389,0.060600212293737334
ACC1390,0.7756441184985043
ACC1391,0.4392550419762617
ACC1392,0.41551674225610347
ACC1393,0.7903116858052688
ACC1394,0.3939013799092927
ACC1395,0.9784811348065232
ACC1396,0.6392936408375953
ACC1397,0.09533918749396893
ACC1398,0.8684743800057898
ACC1399,0.5692367075171283
ACC1400,0.2289877448615266
ACC1401,0.5556306088970375
ACC1402,0.05886326353372576
ACC1403,0.5752195310238348
ACC1404,0.8774486152658496
ACC1405,0.16356267490109042
ACC1406,0.6578210942777188
ACC1407,0.33445913345556305
ACC1408,0.28688603686191255
ACC1409,0.11811251568078741
ACC1410,0.6357232461642381
ACC1411,0.46868667374312456
ACC1412,0.9408472450062724
ACC1413,0.32432693235549553
ACC1414,0.34275788864228507
ACC1415,0.690340634951269
ACC1416,0.801408858438676
ACC1417,0.7623275113384155
ACC1418,0.6208626845508057
ACC1419,0.12361285342082409
ACC1420,0.1752388304545016
ACC1421,0.7207372382514716
ACC1422,0.9203898484994693
ACC1423,0.08318054617388787
ACC1424,0.3650487310624337
ACC1425,0.0024124288333494163
ACC1426,0.888352793592589
ACC1427,0.2388304545015922
ACC1428,0.6963234584579755
ACC1429,0.7969699893853132
ACC1430,0.09003184406060022
ACC1431,0.02653671716684358
ACC1432,0.046415130753642765
ACC1433,0.4847052011965647
ACC1434,0.33706455659558043
ACC1435,0.46347582746308985
ACC1436,0.1763967962945093
ACC1437,0.2058284280613722
ACC1438,0.8921161825726142
ACC1439,0.9385313133262568
ACC1440,0.4859596641899064
ACC1441,0.9145035221460966
ACC1442,0.5720351249638136
ACC1443,0.03396699797355978
ACC1444,0.7063591624047091
ACC1445,0.7884782398919232
ACC1446,0.044099199073627325
ACC1447,0.09678664479397858
ACC1448,0.5352697095435685
ACC1449,0.5018816944900125
ACC1450,0.8420341599922803
ACC1451,0.03377400366689182
ACC1452,0.6099585062240664
ACC1453,0.2321721509215478
ACC1454,0.22117147544147447
ACC1455,0.6442149956576281
ACC1456,0.8310334845122069
ACC1457,0.27424490977516164
ACC1458,0.18450255717456335
ACC1459,0.12998166554086654
ACC1460,0.14561420438097075
ACC1461,0.7948470520119656
ACC1462,0.4831612467432211
ACC1463,0.5426034931969507
ACC1464,0.21711859500144745
ACC1465,0.012351635626749012
ACC1466,0.16529962366110199
ACC1467,0.892309176879282
ACC1468,0.5648943356170993
ACC1469,0.35588150149570585
ACC1470,0.0780661970471871
ACC1471,0.36832963427578885
ACC1472,0.4766959374698446
ACC1473,0.2070828910547139
ACC1474,0.3549165299623661
ACC1475,0.578693428543858
ACC1476,0.08993534690726623
ACC1477,0.1780372479011869
ACC1478,0.01756248190678375
ACC1479,0.42092058284280615
ACC1480,0.4993727685033292
ACC1481,0.12013895590080093
ACC1482,0.8973270288526488
ACC1483,0.2219434526681463
ACC1484,0.9037923381260253
ACC1485,0.776898581491846
ACC1486,0.6560841455177072
ACC1487,0.5265849657435105
ACC1488,0.23062819646820418
ACC1489,0.9490495030396603
ACC1490,0.13943838656759625
ACC1491,0.3954453343626363
ACC1492,0.11647206407410982
ACC1493,0.22339090996815594
ACC1494,0.8096111164720641
ACC1495,0.040239312940268265
ACC1496,0.7916626459519445
ACC1497,0.4078934671427193
ACC1498,0.44649232847630993
ACC1499,0.46106339862974044
ACC1500,0.18575702016790505
ACC1501,0.22618932741484127
ACC1502,0.987648364373251
ACC1503,0.5874746694972498
ACC1504,0.7204477467914696
ACC1505,0.7361767827849078
ACC1506,0.54549840779697
ACC1507,0.8270771012255138
ACC1508,0.1864325002412429
ACC1509,0.28775451124191836
ACC1510,0.7119559972980797
ACC1511,0.4653092733764354
ACC1512,0.913152561999421
ACC1513,0.024799768406832
ACC1514,0.8940461256392936
ACC1515,0.38232172150921545
ACC1516,0.46096690147640645
ACC1517,0.1561323940943742
ACC1518,0.8145324712920969
ACC1519,0.6304159027308694
ACC1520,0.8624915564990833
ACC1521,0.7616520312650776
ACC1522,0.7953295377786356
ACC1523,0.15478143394769855
ACC1524,0.6584000771977226
ACC1525,0.31303676541542025
ACC1526,0.6273279938241821
ACC1527,0.3862781047959085
ACC1528,0.8109620766187398
ACC1529,0.8040142815786935
ACC1530,0.7000868474380005
ACC1531,0.9081347100260543
ACC1532,0.7045257164913635
ACC1533,0.20988130850139922
ACC1534,0.8577631959857184
ACC1535,0.14725465598764836
ACC1536,0.7416771205249445
ACC1537,0.6166168098041108
ACC1538,0.42420148605616137
ACC1539,0.8947216057126315
ACC1540,0.42082408568947216
ACC1541,0.21422368040142817
ACC1542,0.8602721219724018
ACC1543,0.8650004824857667
ACC1544,0.45961594132973077
ACC1545,0.6733571359644891
ACC1546,0.6477853903309853
ACC1547,0.5760880054038406
ACC1548,0.05895976068705973
ACC1549,0.9223197915661488
ACC1550,0.9035993438193574
ACC1551,0.81848885457879
ACC1552,0.7270095532181801
ACC1553,0.6338898002508926
ACC1554,0.5438579561902924
ACC1555,0.066100550033774
ACC1556,0.3866640934092444
ACC1557,0.7362732799382419
ACC1558,0.33696805944224645
ACC1559,0.3577149474090514
ACC1560,0.7366592685515777
ACC1561,0.90900318440606
ACC1562,0.6463379330309755
ACC1563,0.010035703946733572
ACC1564,0.3764353951558429
ACC1565,0.024413779793496092
ACC1566,0.9772266718131815
ACC1567,0.0048248576666988325
ACC1568,0.6575316028177168
ACC1569,0.3891730193959278
ACC1570,0.6581105857377207
ACC1571,0.6043616713306957
ACC1572,0.45102769468300685
ACC1573,0.8281385699121876
ACC1574,0.14088584386760591
ACC1575,0.38039177844253597
ACC1576,0.3909099681559394
ACC1577,0.619897713017466
ACC1578,0.6274244909775162
ACC1579,0.03647592396024317
ACC1580,0.9475055485863167
ACC1581,0.5685612274437905
ACC1582,0.6492328476309949
ACC1583,0.5393225899835955
ACC1584,0.9319695068995465
ACC1585,0.9509794461063399
ACC1586,0.03724790118691498
ACC1587,0.706455659558043
ACC1588,0.4400270192029335
ACC1589,0.17774775644118498
ACC1590,0.09813760494065425
ACC1591,0.31795812023545306
ACC1592,0.040528804400270194
ACC1593,0.7033677506513558
ACC1594,0.3351346135289009
ACC1595,0.148798610440992
ACC1596,0.276850332915179
ACC1597,0.23207565376821385
ACC1598,0.16549261796776996
ACC1599,0.5282254173501881
ACC1600,0.8256296439255042
ACC1601,0.2909389173019396
ACC1602,0.20312650776802085
ACC1603,0.8261121296921741
ACC1604,0.7061661680980411
ACC1605,0.38463765318923093
ACC1606,0.05162597703367751
ACC1607,0.061661680980411075
ACC1608,0.38415516742256106
ACC1609,0.6747080961111647
ACC1610,0.19695068995464635
ACC1611,0.735597799864904
ACC1612,0.4707131139631381
ACC1613,0.9598571842130658
ACC1614,0.9396892791662645
ACC1615,0.6001157965840008
ACC1616,0.6233716105374891
ACC1617,0.4387725562095918
ACC1618,0.6143973752774293
ACC1619,0.9802180835665348
ACC1620,0.2773328186818489
ACC1621,0.1855640258612371
ACC1622,0.40335810093602237
ACC1623,0.6833928399112226
ACC1624,0.6501978191643346
ACC1625,0.11840200714078934
ACC1626,0.23526005982823506
ACC1627,0.8530348354723536
ACC1628,0.3165106629354434
ACC1629,0.03502846666023352
ACC1630,0.5858342178905722
ACC1631,0.1334555630608897
ACC1632,0.41252533050275014
ACC1633,0.5108559297500723
ACC1634,0.9900607932066005
ACC1635,0.31139631380874266
ACC1636,0.4317282640162115
ACC1637,0.6591720544243945
ACC1638,0.16008877738106725
ACC1639,0.9366978674129113
ACC1640,0.657145614204381
ACC1641,0.9890958216732606
ACC1642,0.66949724983113
ACC1643,0.7465019781916433
ACC1644,0.020264402200135097
ACC1645,0.055775354627038504
ACC1646,0.43240374408954935
ACC1647,0.9220303001061468
ACC1648,0.7964875036186433
ACC1649,0.9197143684261314
ACC1650,0.2409533918749397
ACC1651,0.1495705876676638
ACC1652,0.19781916433465213
ACC1653,0.46222136446974815
ACC1654,0.009553218180063688
ACC1655,0.9863939013799093
ACC1656,0.6545401910643636
ACC1657,0.7195792724114639
ACC1658,0.07015343047380103
ACC1659,0.4802663321432018
ACC1660,0.2083373540480556
ACC1661,0.128051722474187
ACC1662,0.7211232268648075
ACC1663,0.6536717166843579
ACC1664,0.19540673550130272
ACC1665,0.20766187397471775
ACC1666,0.19984560455466563
ACC1667,0.5609379523304062
ACC1668,0.2710605037151404
ACC1669,0.6308983884975393
ACC1670,0.3938048827559587
ACC1671,0.565955804303773
ACC1672,0.9632345845797549
ACC1673,0.0318440606002123
ACC1674,0.6377496863842517
ACC1675,0.2057319309080382
ACC1676,0.5466563736369777
ACC1677,0.6100550033774004
ACC1678,0.12293737334748625
ACC1679,0.7249831129981665
ACC1680,0.15420245102769467
ACC1681,0.46473029045643155
ACC1682,0.6798224452378655
ACC1683,0.44099199073627326
ACC1684,0.1520795136543472
ACC1685,0.22995271639486636
ACC1686,0.7327028852648847
ACC1687,0.9618836244330792
ACC1688,0.3439158544822928
ACC1689,0.5284184116568561
ACC1690,0.4909775161632732
ACC1691,0.8246646723921645
ACC1692,0.8796680497925311
ACC1693,0.23747949435491653
ACC1694,0.6924635723246164
ACC1695,0.38849753932258996
ACC1696,0.25784039370838563
ACC1697,0.748045932644987
ACC1698,0.6215381646241436
ACC1699,0.9012834121393419
ACC1700,0.3693911029624626
ACC1701,0.5807198687638715
ACC1702,0.8647109910257648
ACC1703,0.6346617774775644
ACC1704,0.23458457975489724
ACC1705,0.40760397568271733
ACC1706,0.3124577824954164
ACC1707,0.5232075653768213
ACC1708,0.29518479204863457
ACC1709,0.43336871562288914
ACC1710,0.7552832191450353
ACC1711,0.6004052880440027
ACC1712,0.12486731641416578
ACC1713,0.5304448518768696
ACC1714,0.054810383093698734
ACC1715,0.2786837788285246
ACC1716,0.03049310045353662
ACC1717,0.2714464923284763
ACC1718,0.1562288912477082
ACC1719,0.8081636591720545
ACC1720,0.2019685419280131
ACC1721,0.3486442149956576
ACC1722,0.7968734922319791
ACC1723,0.9346714271928979
ACC1724,0.6126604265174177
ACC1725,0.8536138183923574
ACC1726,0.970954356846473
ACC1727,0.677410016404516
ACC1728,0.582842806137219
ACC1729,0.3755669207758371
ACC1730,0.4826787609765512
ACC1731,0.7621345170317476
ACC1732,0.04245874746694973
ACC1733,0.3916819453826112
ACC1734,0.7312554279648751
ACC1735,0.06667953295377786
ACC1736,0.17263340731448423
ACC1737,0.8322879475055486
ACC1738,0.4141657821094278
ACC1739,0.21007430280806716
ACC1740,0.2453922609283026
ACC1741,0.570394673357136
ACC1742,0.04332722184695551
ACC1743,0.8910547138859404
ACC1744,0.8748431921258323
ACC1745,0.7785390330985236
ACC1746,0.6714271928978095
ACC1747,0.03888835279359259
ACC1748,0.1957927241146386
ACC1749,0.9871658786065811
ACC1750,0.06474958988709834
ACC1751,0.1256392936408376
ACC1752,0.5152947988034353
ACC1753,0.43973752774293157
ACC1754,0.13837691788092252
ACC1755,0.30715043906204764
ACC1756,0.20872334266139148
ACC1757,0.7815304448518768
ACC1758,0.3314677217022098
ACC1759,0.05645083470037634
ACC1760,0.37450545208916336
ACC1761,0.20553893660137026
ACC1762,0.04487117630029914
ACC1763,0.9565762809997105
ACC1764,0.5633503811637557
ACC1765,0.4552735694297018
ACC1766,0.05625784039370839
ACC1767,0.9294605809128631
ACC1768,0.13036765415420246
ACC1769,0.17601080768117341
ACC1770,0.9441281482196275
ACC1771,0.8724307632924829
ACC1772,0.5448229277236322
ACC1773,0.4231400173694876
ACC1774,0.1587378172343916
ACC1775,0.9248287175528322
ACC1776,0.6950689954646337
ACC1777,0.33455563060889704
ACC1778,0.22802277332818682
ACC1779,0.7796969989385313
ACC1780,0.1354820032809032
ACC1781,0.2749203898484995
ACC1782,0.4843192125832288
ACC1783,0.7750651355785004
ACC1784,0.8066197047187108
ACC1785,0.8201293061854675
ACC1786,0.0789346714271929
ACC1787,0.023545305413490304
ACC1788,0.01688700183344591
ACC1789,0.16722956672778153
ACC1790,0.15333397664768889
ACC1791,0.6309948856508732
ACC1792,0.30647495898870986
ACC1793,0.06021422368040143
ACC1794,0.05384541156035897
ACC1795,0.22676831033484512
ACC1796,0.39689279166264596
ACC1797,0.7823024220785487
ACC1798,0.023834796873492232
ACC1799,0.17620380198784136
ACC1800,0.8062337161053749
ACC1801,0.6264595194441764
ACC1802,0.06137218952040915
ACC1803,0.5790794171571939
ACC1804,0.35067065521567115
ACC1805,0.9862974042265753
ACC1806,0.7240181414648268
ACC1807,0.5816848402972112
ACC1808,0.030203608993534692
ACC1809,0.553604168677024
ACC1810,0.7510373443983402
ACC1811,0.5813953488372093
ACC1812,0.6211521760108076
ACC1813,0.025089259866833927
ACC1814,0.7988999324519926
ACC1815,0.8330599247322203
ACC1816,0.8886422850525909
ACC1817,0.10547138859403647
ACC1818,0.19724018141464827
ACC1819,0.20110006754800733
ACC1820,0.35076715236900513
ACC1821,0.8933706455659558
ACC1822,0.01814146482678761
ACC1823,0.9159509794461064
ACC1824,0.021422368040142817
ACC1825,0.0975586220206504
ACC1826,0.5446299334169642
ACC1827,0.876097655119174
ACC1828,0.07739071697384928
ACC1829,0.6258805365241725
ACC1830,0.008877738106725852
ACC1831,0.9651645276464345
ACC1832,0.7828814049985525
ACC1833,0.024703271253498024
ACC1834,0.06552156711377015
ACC1835,0.10344494837402296
ACC1836,0.5751230338705008
ACC1837,0.8895107594325967
ACC1838,0.6710412042844736
ACC1839,0.05606484608704043
ACC1840,0.7371417543182476
ACC1841,0.13355206021422367
ACC1842,0.7369487600115796
ACC1843,0.6216346617774776
ACC1844,0.08781240953391875
ACC1845,0.18537103155456913
ACC1846,0.03261603782688411
ACC1847,0.8604651162790697
ACC1848,0.5840007719772267
ACC1849,0.0768117340538454
ACC1850,0.958699218373058
ACC1851,0.9528128920196854
ACC1852,0.6000192994306668
ACC1853,0.44475537971629836
ACC1854,0.8617195792724115
ACC1855,0.5554376145903696
ACC1856,0.7648364373250989
ACC1857,0.13113963138087426
ACC1858,0.6342757888642285
ACC1859,0.8443500916722957
ACC1860,0.12525330502750168
ACC1861,0.8952040914793014
ACC1862,0.4844157097365628
ACC1863,0.3723825147158159
ACC1864,0.574158062337161
ACC1865,0.4470713113963138
ACC1866,0.5102769468300685
ACC1867,0.15053555920100356
ACC1868,0.29055292868860366
ACC1869,0.1838270771012255
ACC1870,0.7412911319116086
ACC1871,0.9083277043327221
ACC1872,0.5791759143105278
ACC1873,0.5901765897906012
ACC1874,0.8946251085592976
ACC1875,0.35945189616906303
ACC1876,0.06957444755379716
ACC1877,0.4704236225031362
ACC1878,0.7921451317186143
ACC1879,0.1578693428543858
ACC1880,0.37209302325581395
ACC1881,0.512206889896748
ACC1882,0.052494451413683293
ACC1883,0.7158158834314388
ACC1884,0.541349030203609
ACC1885,0.3975682717359838
ACC1886,0.595194441763968
ACC1887,0.557753546270385
ACC1888,0.8132780082987552
ACC1889,0.1805461738878703
ACC1890,0.5428929846569526
ACC1891,0.7743896555051626
ACC1892,0.5350767152369005
ACC1893,0.3951558429026344
ACC1894,0.06108269806040722
ACC1895,0.756248190678375
ACC1896,0.3160281771687735
ACC1897,0.6929460580912863
ACC1898,0.2758853613818392
ACC1899,0.5846762520505645
ACC1900,0.3112998166554087
ACC1901,0.7848113480652321
ACC1902,0.7853903309852359
ACC1903,0.0351249638135675
ACC1904,0.7248866158448326
ACC1905,0.17128244716780855
ACC1906,0.3899449966225996
ACC1907,0.9562867895397086
ACC1908,0.3930329055292869
ACC1909,0.43597413876290647
ACC1910,0.31921258322879476
ACC1911,0.22203994982148026
ACC1912,0.5647978384637653
ACC1913,0.35462703850236416
ACC1914,0.27009553218180066
ACC1915,0.07179388208047863
ACC1916,0.2620862684550806
ACC1917,0.8166554086654444
ACC1918,0.8732027405191547
ACC1919,0.09987455370066584
ACC1920,0.23448808260156326
ACC1921,0.8235067065521567
ACC1922,0.9858149184599054
ACC1923,0.09659365048731063
ACC1924,0.09524269034063496
ACC1925,0.5761845025571746
ACC1926,0.46714271928978096
ACC1927,0.3108173308887388
ACC1928,0.5095049696033968
ACC1929,0.48248576666988324
ACC1930,0.6394866351442633
ACC1931,0.38946251085592976
ACC1932,0.5788864228505259
ACC1933,0.6374601949242498
ACC1934,0.5324712920968832
ACC1935,0.987841358679919
ACC1936,0.627906976744186
ACC1937,0.8071986876387146
ACC1938,0.5246550226768311
ACC1939,0.61150246067741
ACC1940,0.033484512206889895
ACC1941,0.35105664382900703
ACC1942,0.9515584290263437
ACC1943,0.5509987455370067
ACC1944,0.32789732702885266
ACC1945,0.37180353179581205
ACC1946,0.611695454984078
ACC1947,0.8113480652320757
ACC1948,0.43655312168291033
ACC1949,0.6009842709640065
ACC1950,0.744089549358294
ACC1951,0.5106629354434045
ACC1952,0.7713017465984754
ACC1953,0.23998842034159992
ACC1954,0.1669400752677796
ACC1955,0.3310817330888739
ACC1956,0.971147351153141
ACC1957,0.8798610440991991
ACC1958,0.4741870114831612
ACC1959,0.009456721026729712
ACC1960,0.5833252919038888
ACC1961,0.44369391102962463
ACC1962,0.7836533822252244
ACC1963,0.2198205152947988
ACC1964,0.28910547138859405
ACC1965,0.9156614879861044
ACC1966,0.021711859500144745
ACC1967,0.3061854675287079
ACC1968,0.20283701630801892
ACC1969,0.2467432210749783
ACC1970,0.6724886615844833
ACC1971,0.14657917591431052
ACC1972,0.2833156421885554
ACC1973,0.06436360127376242
ACC1974,0.11203319502074689
ACC1975,0.6352407603975683
ACC1976,0.6479783846376532
ACC1977,0.09138280420727589
ACC1978,0.34352986586895684
ACC1979,0.8394287368522628
ACC1980,0.09099681559393998
ACC1981,0.0934092444272894
ACC1982,0.6121779407507478
ACC1983,0.32008105760880057
ACC1984,0.6594615458843964
ACC1985,0.710701534304738
ACC1986,0.6576280999710509
ACC1987,0.8188748431921258
ACC1988,0.22956672778153045
ACC1989,0.8288140499855254
ACC1990,0.2802277332818682
ACC1991,0.7581781337450545
ACC1992,0.8085496477853903
ACC1993,0.9287851008395253
ACC1994,0.4652127762231014
ACC1995,0.169352504101129
ACC1996,0.7554762134517031
ACC1997,0.3062819646820419
ACC1998,0.008491749493389945
ACC1999,0.029528128920196853
ACC2000,0.5817813374505452
ACC2001,0.7606870597317379
ACC2002,0.9088101900993921
ACC2003,0.28196468204187974
ACC2004,0.921161825726141
ACC2005,0.9796391006465309
ACC2006,0.0305895976068706
ACC2007,0.8834314387725563
ACC2008,0.9926662163466178
ACC2009,0.7408086461449387
ACC2010,0.9531023834796873
ACC2011,0.32944128148219626
ACC2012,0.17118595001447456
ACC2013,0.8827559586992184
ACC2014,0.074399305220496
ACC2015,0.3978577631959857
ACC2016,0.13770143780758468
ACC2017,0.13480652320756537
ACC2018,0.5051625977033678
ACC2019,0.2774293158351829
ACC2020,0.7663803917784425
ACC2021,0.17253691016115025
ACC2022,0.27057801794847053
ACC2023,0.33793303097558625
ACC2024,0.9621731158930812
ACC2025,0.8663514426324423
ACC2026,0.9936311878799575
ACC2027,0.6396796294509312
ACC2028,0.37961980121586414
ACC2029,0.003473897520023159
ACC2030,0.4290263437228602
ACC2031,0.47380102286982534
ACC2032,0.06523207565376822
ACC2033,0.48576666988323847
ACC2034,0.2821576763485477
ACC2035,0.49271446492328475
ACC2036,0.9588922126797259
ACC2037,0.40856894721605713
ACC2038,0.10643636012737624
ACC2039,0.0636881212004246
ACC2040,0.4086654443693911
ACC2041,0.35182862105567886
ACC2042,0.4719675769564798
ACC2043,0.3454598089356364
ACC2044,0.9887098330599248
ACC2045,0.326256875422175
ACC2046,0.9274341406928496
ACC2047,0.789250217118595
ACC2048,0.6853227829779022
ACC2049,0.3500916722956673
ACC2050,0.25513847341503426
ACC2051,0.9004149377593361
ACC2052,0.19366978674129112
ACC2053,0.8078741677120524
ACC2054,0.06851297886712342
ACC2055,0.6789539708578597
ACC2056,0.9403647592396024
ACC2057,0.9171089452861141
ACC2058,0.7402296632249349
ACC2059,0.6136253980507576
ACC2060,0.5967383962173116
ACC2061,0.7053941908713693
ACC2062,0.875615169352504
ACC2063,0.5398050757502654
ACC2064,0.21412718324809418
ACC2065,0.13316607160088778
ACC2066,0.4540191064363601
ACC2067,0.6223101418508153
ACC2068,0.5462703850236418
ACC2069,0.12033195020746888
ACC2070,0.9289780951461932
ACC2071,0.5228215767634855
ACC2072,0.7638714657917591
ACC2073,0.007430280806716202
ACC2074,0.9895783074399305
ACC2075,0.46376531892309175
ACC2076,0.35356556981569043
ACC2077,0.694104023931294
ACC2078,0.5552446202837016
ACC2079,0.006368812120042458
ACC2080,0.5505162597703368
ACC2081,0.413200810576088
ACC2082,0.5995368136639969
ACC2083,0.8091286307053942
ACC2084,0.14986007912766575
ACC2085,0.9535848692463572
ACC2086,0.41310431342275405
ACC2087,0.48161729228987743
ACC2088,0.5377786355302518
ACC2089,0.49261796776995076
ACC2090,0.37672488661584486
ACC2091,0.5805268744572035
ACC2092,0.17678278490784521
ACC2093,0.4352986586895687
ACC2094,0.43568464730290457
ACC2095,0.30686094760204574
ACC2096,0.9060117726527067
ACC2097,0.04593264498697289
ACC2098,0.8426131429122841
ACC2099,0.9614011386664093
ACC2100,0.4391585448229277
ACC2101,0.49001254462993343
ACC2102,0.6887001833445914
ACC2103,0.8839139245392261
ACC2104,0.9455756055196372
ACC2105,0.9123805847727492
ACC2106,0.28650004824857667
ACC2107,0.0718903792338126
ACC2108,0.6606195117244041
ACC2109,0.22001350960146676
ACC2110,0.98349898677989
ACC2111,0.20968831419473125
ACC2112,0.5221460966901477
ACC2113,0.438097076136254
ACC2114,0.6145903695840973
ACC2115,0.47717842323651455
ACC2116,0.09061082698060408
ACC2117,0.6084145517707228
ACC2118,0.9327414841262183
ACC2119,0.9896748045932645
ACC2120,0.7079031168580527
ACC2121,0.5236900511434913
ACC2122,0.3384155167422561
ACC2123,0.09118980990060793
ACC2124,0.7039467335713596
ACC2125,0.020553893660137025
ACC2126,0.8079706648653865
ACC2127,0.46463379330309756
ACC2128,0.5917205442439448
ACC2129,0.6379426806909196
ACC2130,0.3152561999421017
ACC2131,0.4156132394094374
ACC2132,0.673453633117823
ACC2133,0.5406735501302712
ACC2134,0.9963331081733089
ACC2135,0.7541252533050276
ACC2136,0.15680787416771205
ACC2137,0.6091865289973946
ACC2138,0.3073434333687156
ACC2139,0.7298079706648654
ACC2140,0.2793592589018624
ACC2141,0.009649715333397665
ACC2142,0.5895011097172633
ACC2143,0.30560648460870404
ACC2144,0.3565569815690437
ACC2145,0.20515294798803435
ACC2146,0.6729711473511532
ACC2147,0.0033774003666891825
ACC2148,0.6052301457107016
ACC2149,0.4904950303966033
ACC2150,0.5389366013702596
ACC2151,0.38483064749589885
ACC2152,0.979446106339863
ACC2153,0.5021711859500144
ACC2154,0.2037054906880247
ACC2155,0.4228505259094857
ACC2156,0.9068802470327125
ACC2157,0.5694297018237962
ACC2158,0.9167229566727781
ACC2159,0.47621345170317475
ACC2160,0.14947409051432983
ACC2161,0.45344012351635626
ACC2162,0.5688507189037924
ACC2163,0.028659654540191065
ACC2164,0.22831226478818875
ACC2165,0.7326063881115507
ACC2166,0.3722860175624819
ACC2167,0.7151404033581009
ACC2168,0.9689279166264595
ACC2169,0.715043906204767
ACC2170,0.6720061758178134
ACC2171,0.8779311010325196
ACC2172,0.22088198398147255
ACC2173,0.7214127183248095
ACC2174,0.04467818199363119
ACC2175,0.18672199170124482
ACC2176,0.731351925118209
ACC2177,0.11666505838077777
ACC2178,0.8107690823120718
ACC2179,0.7517128244716781
ACC2180,0.7010518189713404
ACC2181,0.3119752967287465
ACC2182,0.3501881694490013
ACC2183,0.6831033484512207
ACC2184,0.3545305413490302
ACC2185,0.38869053362925793
ACC2186,0.07816269420052109
ACC2187,0.5231110682234874
ACC2188,0.01264112708675094
ACC2189,0.3234584579754897
ACC2190,0.07710122551384734
ACC2191,0.4191836340827946
ACC2192,0.6336968059442246
ACC2193,0.14715815883431438
ACC2194,0.34700376338898004
ACC2195,0.4639583132297597
ACC2196,0.8477274920389849
ACC2197,0.9701823796198012
ACC2198,0.06349512689375664
ACC2199,0.8985814918459906
ACC2200,0.003184406060021229
ACC2201,0.6841648171378945
ACC2202,0.3603203705490688
ACC2203,0.8254366496188362
ACC2204,0.7499758757116665
ACC2205,0.37469844639583133
ACC2206,0.21557464054810382
ACC2207,0.06388111550709254
ACC2208,0.0264402200135096
ACC2209,0.045257164913635045
ACC2210,0.7918556402586123
ACC2211,0.962945093119753
ACC2212,0.8725272604458169
ACC2213,0.9030203608993534
ACC2214,0.9570587667663804
ACC2215,0.8127955225320853
ACC2216,0.43481617292289876
ACC2217,0.5781144456238541
ACC2218,0.4104023931294027
ACC2219,0.17079996140113868
ACC2220,0.9647785390330985
ACC2221,0.5968348933706455
ACC2222,0.8316124674322107
ACC2223,0.2825436649618836
ACC2224,0.2239698928881598
ACC2225,0.6969024413779793
ACC2226,0.5680787416771206
ACC2227,0.89250217118595
ACC2228,0.1462896844543086
ACC2229,0.06764450448711763
ACC2230,0.9315835182862106
ACC2231,0.42362250313615746
ACC2232,0.8745537006658304
ACC2233,0.7335713596448905
ACC2234,0.14474573000096497
ACC2235,0.979060117726527
ACC2236,0.22937373347486248
ACC2237,0.5290938917301939
ACC2238,0.8272700955321818
ACC2239,0.7784425359451896
ACC2240,0.9323554955128823
ACC2241,0.8537103155456914
ACC2242,0.3094663707420631
ACC2243,0.6765415420245102
ACC2244,0.35549551288236997
ACC2245,0.6053266428640355
ACC2246,0.4012351635626749
ACC2247,0.0731448422271543
ACC2248,0.797355977998649
ACC2249,0.9779021518865193
ACC2250,0.5988613335906591
ACC2251,0.6031072083373541
ACC2252,0.8242786837788285
ACC2253,0.3674611598957831
ACC2254,0.6972884299913152
ACC2255,0.8770626266525138
ACC2256,0.007623275113384155
ACC2257,0.49020553893660135
ACC2258,0.9307150439062047
ACC2259,0.4087619415227251
ACC2260,0.6876387146579176
ACC2261,0.28669304255524464
ACC2262,0.2858245681752388
ACC2263,0.19656470134131043
ACC2264,0.029624626073530832
ACC2265,0.9096786644793978
ACC2266,0.5379716298369198
ACC2267,0.901090417832674
ACC2268,0.12573579079417158
ACC2269,0.3904274823892695
ACC2270,0.6385216636109234
ACC2271,0.5045836147833639
ACC2272,0.880343529865869
ACC2273,0.7464054810383094
ACC2274,0.30927337643539515
ACC2275,0.9031168580526875
ACC2276,0.4459133455563061
ACC2277,0.6054231400173695
ACC2278,0.5118209012834122
ACC2279,0.43703560744958025
ACC2280,0.7999614011386664
ACC2281,0.44639583132297594
ACC2282,0.4855736755765705
ACC2283,0.8371128051722474
ACC2284,0.9151790022194345
ACC2285,0.6267490109041783
ACC2286,0.45894046125639293
ACC2287,0.9564797838463766
ACC2288,0.29064942584193765
ACC2289,0.6995078645179967
ACC2290,0.504101129016694
ACC2291,0.0954356846473029
ACC2292,0.6119849464440799
ACC2293,0.3825147158158834
ACC2294,0.685805268744572
ACC2295,0.6515487793110103
ACC2296,0.7546077390716974
ACC2297,0.38164624143587766
ACC2298,0.8372093023255814
ACC2299,0.4981183055099875
ACC2300,0.9283991122261893
ACC2301,0.6040721798706938
ACC2302,0.8599826305123999
ACC2303,0.2886229856219242
ACC2304,0.8814049985525427
ACC2305,0.23197915661487986
ACC2306,0.7372382514715816
ACC2307,0.7089645855447264
ACC2308,0.42864035510952425
ACC2309,0.9238637460194924
ACC2310,0.6345652803242304
ACC2311,0.45189616906301266
ACC2312,0.04602914214030686
ACC2313,0.2946058091286307
ACC2314,0.4064460098427096
ACC2315,0.4896265560165975
ACC2316,0.39467335713596446
ACC2317,0.3293447843288623
ACC2318,0.731158930811541
ACC2319,0.9459615941329731
ACC2320,0.8381742738589212
ACC2321,0.032423043520216153
ACC2322,0.09302325581395349
ACC2323,0.2326546366882177
ACC2324,0.7448615265849657
ACC2325,0.0740133166071601
ACC2326,0.5110489240567403
ACC2327,0.338801505355592
ACC2328,0.38589211618257263
ACC2329,0.20862684550805752
ACC2330,0.6742256103444948
ACC2331,0.8793785583325292
ACC2332,0.34034545980893566
ACC2333,0.004342371900028949
ACC2334,0.6367847148509119
ACC2335,0.6203801987841359
ACC2336,0.6335038116375566
ACC2337,0.6344687831708965
ACC2338,0.7657049117051047
ACC2339,0.5208916336968059
ACC2340,0.02074688796680498
ACC2341,0.8068126990253788
ACC2342,0.21663610923477758
ACC2343,0.7600115796584
ACC2344,0.5940364759239602
ACC2345,0.6912091093312748
ACC2346,0.3033870500820226
ACC2347,0.8586316703657242
ACC2348,0.4897230531699315
ACC2349,0.6752870790311686
ACC2350,0.7680208433851201
ACC2351,0.0528804400270192
ACC2352,0.9924732220399498
ACC2353,0.15651838270771012
ACC2354,0.07082891054713886
ACC2355,0.23554955128823699
ACC2356,0.8546752870790312
ACC2357,0.07623275113384155
ACC2358,0.8519733667856798
ACC2359,0.2471292096883142
ACC2360,0.6010807681173406
ACC2361,0.5666312843771109
ACC2362,0.8106725851587379
ACC2363,0.3976647688893178
ACC2364,0.3085978963620573
ACC2365,0.9984560455466563
ACC2366,0.727299044678182
ACC2367,0.7768020843385121
ACC2368,0.3438193573289588
ACC2369,0.17533532760783557
ACC2370,0.022290842420148605
ACC2371,0.41223583904274824
ACC2372,0.743896555051626
ACC2373,0.6822348740712149
ACC2374,0.7434140692849561
ACC2375,0.20611791952137412
ACC2376,0.1620187204477468
ACC2377,0.7762231014185081
ACC2378,0.8520698639390138
ACC2379,0.19309080382128727
ACC2380,0.5612274437904082
ACC2381,0.7430280806716202
ACC2382,0.8861333590659075
ACC2383,0.9018623950593457
ACC2384,0.4517031747563447
ACC2385,0.24490977516163273
ACC2386,0.5978963620573193
ACC2387,0.9882273472932549
ACC2388,0.425552446202837
ACC2389,0.2091093312747274
ACC2390,0.09890958216732607
ACC2391,0.607739071697385
ACC2392,0.450255717456335
ACC2393,0.41474476502943164
ACC2394,0.6425745440509505
ACC2395,0.45218566052301457
ACC2396,0.46009842709640064
ACC2397,0.45594904950303966
ACC2398,0.7015343047380103
ACC2399,0.3212390234488083
ACC2400,0.5055485863167036
ACC2401,0.8671234198591141
ACC2402,0.624047090610827
ACC2403,0.5426999903502847
ACC2404,0.1433947698542893
ACC2405,0.012834121393418893
ACC2406,0.541252533050275
ACC2407,0.40181414648267877
ACC2408,0.7181318151114542
ACC2409,0.34681076908231206
ACC2410,0.5943259673839622
ACC2411,0.7190967866447939
ACC2412,0.7559586992183731
ACC2413,0.3462317861623082
ACC2414,0.030879089066872527
ACC2415,0.45884396410305894
ACC2416,0.5911415613239409
ACC2417,0.7328958795715527
ACC2418,0.08192608318054617
ACC2419,0.34401235163562677
ACC2420,0.780951461931873
ACC2421,0.5212776223101419
ACC2422,0.19994210170799961
ACC2423,0.855157772845701
ACC2424,0.33050275016887004
ACC2425,0.6343722860175625
ACC2426,0.5945189616906301
ACC2427,0.8374987937855833
ACC2428,0.1380874264209206
ACC2429,0.28543857956190294
ACC2430,0.9093891730193959
ACC2431,0.5793689086171958
ACC2432,0.7839428736852263
ACC2433,0.4124288333494162
ACC2434,0.8527453440123516
ACC2435,0.2301457107015343
ACC2436,0.3859886133359066
ACC2437,0.9780951461931873
ACC2438,0.9283026150728554
ACC2439,0.9034063495126894
ACC2440,0.371900028949146
ACC2441,0.45479108366303195
ACC2442,0.1681945382611213
ACC2443,0.16143973752774293
ACC2444,0.9818585351732124
ACC2445,0.9759722088198398
ACC2446,0.5437614590369584
ACC2447,0.47090610826980606
ACC2448,0.6980604072179871
ACC2449,0.10074302808067162
ACC2450,0.35346907266235644
ACC2451,0.3585834217890572
ACC2452,0.06938145324712922
ACC2453,0.7925311203319502
ACC2454,0.6670848209977805
ACC2455,0.57850043423719
ACC2456,0.5798513943838657
ACC2457,0.20939882273472932
ACC2458,0.9990350284666603
ACC2459,0.9762617002798417
ACC2460,0.7243076329248287
ACC2461,0.06253015536041687
ACC2462,0.8875808163659172
ACC2463,0.18865193476792436
ACC2464,0.34198591141561324
ACC2465,0.4730290456431535
ACC2466,0.9232847630994886
ACC2467,0.913249059152755
ACC2468,0.44697481424297986
ACC2469,0.863746019492425
ACC2470,0.863842516645759
ACC2471,0.23931294026826208
ACC2472,0.9590852069863939
ACC2473,0.6723921644311492
ACC2474,0.29277236321528516
ACC2475,0.20631091382804206
ACC2476,0.34719675769564795
ACC2477,0.6856122744379041
ACC2478,0.7819164334652128
ACC2479,0.006658303580044388
ACC2480,0.4181221653961208
ACC2481,0.21113577149474091
ACC2482,0.9146965164527646
ACC2483,0.028466660233523112
ACC2484,0.4694586509697964
ACC2485,0.35337257550902246
ACC2486,0.8860368619125736
ACC2487,0.9250217118595001
ACC2488,0.648750361864325
ACC2489,0.4036475923960243
ACC2490,0.1929943066679533
ACC2491,0.18710798031458073
ACC2492,0.47119559972980796
ACC2493,0.6700762327511338
ACC2494,0.29035993438193575
ACC2495,0.8746501978191643
ACC2496,0.3653382225224356
ACC2497,0.22387339573482581
ACC2498,0.8093216250120622
ACC2499,0.6498118305509988
ACC2500,0.553797162983692
ACC2501,0.9529093891730194
ACC2502,0.9435491652996236
ACC2503,0.010228698253401525
ACC2504,0.2818681848885458
ACC2505,0.042748238926951655
ACC2506,0.7584676252050565
ACC2507,0.632635337257551
ACC2508,0.0760397568271736
ACC2509,0.2049599536813664
ACC2510,0.11377014378075846
ACC2511,0.5857377207372383
ACC2512,0.7509408472450063
ACC2513,0.1976261700279842
ACC2514,0.8326739361188845
ACC2515,0.6072565859307151
ACC2516,0.8021808356653479
ACC2517,0.8487889607256586
ACC2518,0.8011193669786741
ACC2519,0.7860658110585738
ACC2520,0.8549647785390331
ACC2521,0.08607546077390717
ACC2522,0.026150728553507672
ACC2523,0.6518382707710123
ACC2524,0.3046415130753643
ACC2525,0.030396603300202645
ACC2526,0.5754125253305028
ACC2527,0.3995947119559973
ACC2528,0.12911319116086076
ACC2529,0.14889510759432598
ACC2530,0.26913056064846086
ACC2531,0.8200328090321336
ACC2532,0.8356653478722378
ACC2533,0.20274051915468494
ACC2534,0.9989385313133262
ACC2535,0.40885843867605903
ACC2536,0.524365531216829
ACC2537,0.5049696033966998
ACC2538,0.4205345942294702
ACC2539,0.16665058380777767
ACC2540,0.6896651548779311
ACC2541,0.6926565666312844
ACC2542,0.3301167615555341
ACC2543,0.6845508057512303
ACC2544,0.9660330020264403
ACC2545,0.24355881501495705
ACC2546,0.6535752195310238
ACC2547,0.5957734246839719
ACC2548,0.11521760108076812
ACC2549,0.954646337933031
ACC2550,0.39708578596931393
ACC2551,0.7283605133648557
ACC2552,0.6370742063109138
ACC2553,0.04130078162694201
ACC2554,0.09582167326063881
ACC2555,0.5198301650101322
ACC2556,0.23053169931487022
ACC2557,0.5143298272700956
ACC2558,0.16095725176107306
ACC2559,0.47341503425648945
ACC2560,0.6987358872913249
ACC2561,0.9011869149860079
ACC2562,0.8411656856122744
ACC2563,0.2788767731351925
ACC2564,0.9302325581395349
ACC2565,0.8697288429991316
ACC2566,0.9736562771398244
ACC2567,0.45257164913635045
ACC2568,0.22628582456817523
ACC2569,0.5575605519637171
ACC2570,0.1376049406542507
ACC2571,0.6065811058573772
ACC2572,0.8737817234391585
ACC2573,0.5313133262568754
ACC2574,0.9476020457396507
ACC2575,0.6303194055775354
ACC2576,0.37421596062916146
ACC2577,0.6886036861912573
ACC2578,0.7596255910450642
ACC2579,0.7309659365048731
ACC2580,0.06571456142043809
ACC2581,0.4303773038695358
ACC2582,0.8791855640258612
ACC2583,0.12206889896748047
ACC2584,0.6184502557174564
ACC2585,0.03300202644022002
ACC2586,0.8560262472257069
ACC2587,0.05442439448036283
ACC2588,0.4930039563832867
ACC2589,0.013316607160088777
ACC2590,0.008588246646723922
ACC2591,0.15700086847438
ACC2592,0.8239891923188266
ACC2593,0.47959085206986396
ACC2594,0.3375470423622503
ACC2595,0.5996333108173308
ACC2596,0.17379137315449195
ACC2597,0.3963138087426421
ACC2598,0.7598185853517321
ACC2599,0.8709833059924732
ACC2600,0.0776802084338512
ACC2601,0.49512689375663416
ACC2602,0.6311878799575412
ACC2603,0.34188941426227926
ACC2604,0.41725369101611504
ACC2605,0.9731737913731545
ACC2606,0.5119173984367461
ACC2607,0.16713306957444754
ACC2608,0.18894142622792628
ACC2609,0.351442632442343
ACC2610,0.9622696130464151
ACC2611,0.8466660233523111
ACC2612,0.5928785100839525
ACC2613,0.25677892502171185
ACC2614,0.0673550130271157
ACC2615,0.7300009649715333
ACC2616,0.954549840779697
ACC2617,0.9140210363794268
ACC2618,0.5186721991701245
ACC2619,0.8695358486924636
ACC2620,0.7895397085785969
ACC2621,0.5622889124770819
ACC2622,0.5062240663900415
ACC2623,0.42613142912284085
ACC2624,0.07719772266718132
ACC2625,0.3702595773424684
ACC2626,0.03001061468686674
ACC2627,0.8054617388787031
ACC2628,0.7571166650583808
ACC2629,0.7528707903116858
ACC2630,0.7162018720447747
ACC2631,0.22011000675480075
ACC2632,0.38290070442921936
ACC2633,0.48904757309659364
ACC2634,0.5832287947505549
ACC2635,0.8909582167326063
ACC2636,0.8075846762520505
ACC2637,0.04940654250699605
ACC2638,0.9409437421596063
ACC2639,0.9057222811927048
ACC2640,0.5780179484705201
ACC2641,0.2826401621152176
ACC2642,0.4364566245295764
ACC2643,0.6140113866640934
ACC2644,0.5233040625301554
ACC2645,0.3804882755958699
ACC2646,0.034738975200231594
ACC2647,0.4494837402296632
ACC2648,0.3639872623757599
ACC2649,0.5800443886905337
ACC2650,0.007526777960050178
ACC2651,0.8805365241725369
ACC2652,0.8243751809321626
ACC2653,0.4161922223294413
ACC2654,0.6482678760976551
ACC2655,0.4454308597896362
ACC2656,0.9964296053266428
ACC2657,0.6998938531313327
ACC2658,0.10055003377400366
ACC2659,0.3478722377689858
ACC2660,0.8565087329923767
ACC2661,0.003763388980025089
ACC2662,0.18102865965454018
ACC2663,0.6895686577245971
ACC2664,0.8446395831322976
ACC2665,0.13413104313422755
ACC2666,0.5276464344301843
ACC2667,0.1875904660812506
ACC2668,0.4995657628099971
ACC2669,0.6137218952040915
ACC2670,0.694297018237962
ACC2671,0.09688314194731255
ACC2672,0.01592203030010615
ACC2673,0.23159316800154395
ACC2674,0.04699411367364663
ACC2675,0.8874843192125832
ACC2676,0.8540963041590273
ACC2677,0.16906301264112708
ACC2678,0.42121007430280805
ACC2679,0.8073916819453826
ACC2680,0.7341503425648943
ACC2681,0.46743221074978286
ACC2682,0.10817330888738783
ACC2683,0.681848885457879
ACC2684,0.2781047959085207
ACC2685,0.9391102962462607
ACC2686,0.962752098813085
ACC2687,0.15555341117437035
ACC2688,0.7422561034449484
ACC2689,0.0664865386471099
ACC2690,0.8836244330792241
ACC2691,0.8749396892791662
ACC2692,0.305895976068706
ACC2693,0.08067162018720447
ACC2694,0.41098137604940654
ACC2695,0.4681076908231207
ACC2696,0.32201100067548005
ACC2697,0.6508732992376725
ACC2698,0.7407121489916048
ACC2699,0.28418411656856124
ACC2700,0.9193283798127955
ACC2701,0.4027791180160185
ACC2702,0.1938627810479591
ACC2703,0.3698735887291325
ACC2704,0.4814242979832095
ACC2705,0.37344398340248963
ACC2706,0.22927723632152852
ACC2707,0.04226575316028177
ACC2708,0.6015632538840104
ACC2709,0.5806233716105375
ACC2710,0.5606484608704043
ACC2711,0.900704429219338
ACC2712,0.5674997587571167
ACC2713,0.9253112033195021
ACC2714,0.2947988034352987
ACC2715,0.47100260542314004
ACC2716,0.6185467528707903
ACC2717,0.6768310334845122
ACC2718,0.4341406928495609
ACC2719,0.4176396796294509
ACC2720,0.3797162983691981
ACC2721,0.909292675866062
ACC2722,0.7857763195985719
ACC2723,0.39206793399594714
ACC2724,0.7067451510180449
ACC2725,0.7799864903985333
ACC2726,0.8657724597124384
ACC2727,0.1437807584676252
ACC2728,0.44070249927627136
ACC2729,0.21586413200810575
ACC2730,0.5314098234102094
ACC2731,0.1971436842613143
ACC2732,0.2263823217215092
ACC2733,0.9729807970664865
ACC2734,0.22821576763485477
ACC2735,0.4363601273762424
ACC2736,0.5436649618836245
ACC2737,0.5226285824568175
ACC2738,0.8572807102190485
ACC2739,0.27279745247515197
ACC2740,0.3380295281289202
ACC2741,0.6107304834507382
ACC2742,0.20563543375470425
ACC2743,0.4755379716298369
ACC2744,0.036765415420245105
ACC2745,0.07410981376049407
ACC2746,0.6784714850911898
ACC2747,0.7349223197915662
ACC2748,0.7179388208047862
ACC2749,0.900897423526006
ACC2750,0.19482775258129886
ACC2751,0.8762906494258419
ACC2752,0.6270385023641802
ACC2753,0.8321914503522146
ACC2754,0.846955514812313
ACC2755,0.6769275306378462
ACC2756,0.5803338801505356
ACC2757,0.7822059249252147
ACC2758,0.9985525426999904
ACC2759,0.7301939592782013
ACC2760,0.5734825822638232
ACC2761,0.4614493872430763
ACC2762,0.5351732123902345
ACC2763,0.5955804303773039
ACC2764,0.31564218855543763
ACC2765,0.9116086075460774
ACC2766,0.08588246646723921
ACC2767,0.6663128437711088
ACC2768,0.24433079224162887
ACC2769,0.7245971243848306
ACC2770,0.49522339090996814
ACC2771,0.231400173694876
ACC2772,0.27125349802180837
ACC2773,0.6586895686577245
ACC2774,0.17157193862781048
ACC2775,0.8080671620187204
ACC2776,0.7463089838849754
ACC2777,0.6163273183441088
ACC2778,0.14185081540094568
ACC2779,0.48229277236321527
ACC2780,0.35472353565569814
ACC2781,0.6676638039177845
ACC2782,0.9481810286596546
ACC2783,0.6996043616713307
ACC2784,0.7626170027984175
ACC2785,0.7529672874650197
ACC2786,0.7052011965647014
ACC2787,0.5797548972305318
ACC2788,0.6840683199845604
ACC2789,0.6143008781240953
ACC2790,0.64450448711763
ACC2791,0.5999228022773329
ACC2792,0.20351249638135674
ACC2793,0.8631670365724211
ACC2794,0.7382032230049214
ACC2795,0.7797934960918653
ACC2796,0.842902634372286
ACC2797,0.450352214609669
ACC2798,0.3176686287754511
ACC2799,0.6214416674708096
ACC2800,0.03116858052687446
ACC2801,0.9649715333397665
ACC2802,0.4520891633696806
ACC2803,0.058284280613721894
ACC2804,0.1347100260542314
ACC2805,0.6436360127376243
ACC2806,0.011579658400077198
ACC2807,0.5266814628968446
ACC2808,0.6101515005307343
ACC2809,0.9987455370066584
ACC2810,0.797838463765319
ACC2811,0.007912766573386085
ACC2812,0.8628775451124192
ACC2813,0.4465888256296439
ACC2814,0.9161439737527743
ACC2815,0.9667084820997781
ACC2816,0.46608125060310723
ACC2817,0.3090803821287272
ACC2818,0.8683778828524559
ACC2819,0.22503136157483355
ACC2820,0.40634951268937564
ACC2821,0.7193862781047959
ACC2822,0.8900897423526006
ACC2823,0.9983595483933224
ACC2824,0.5172247418701148
ACC2825,0.7491074013316608
ACC2826,0.454598089356364
ACC2827,0.3570394673357136
ACC2828,0.5679822445237865
ACC2829,0.3662066969024414
ACC2830,0.6225031361574833
ACC2831,0.08202258033388016
ACC2832,0.30280806716201875
ACC2833,0.9153719965261025
ACC2834,0.5636398726237576
ACC2835,0.40441956962269615
ACC2836,0.1455177072276368
ACC2837,0.9988420341599923
ACC2838,0.07575026536717167
ACC2839,0.5691402103637943
ACC2840,0.9055292868860368
ACC2841,0.9268551577728457
ACC2842,0.7654154202451028
ACC2843,0.24413779793496093
ACC2844,0.6618739747177458
ACC2845,0.12341985911415614
ACC2846,0.2834121393418894
ACC2847,0.2747273955418315
ACC2848,0.8252436553121683
ACC2849,0.36340827945575604
ACC2850,0.2772363215285149
ACC2851,0.7709157579851394
ACC2852,0.04014281578693429
ACC2853,0.22609283026150728
ACC2854,0.7825919135385506
ACC2855,0.5135578500434237
ACC2856,0.1107787320274052
ACC2857,0.6751905818778347
ACC2858,0.785197336678568
ACC2859,0.5141368329634276
ACC2860,0.6204766959374698
ACC2861,0.3333976647688893
ACC2862,0.9186528997394577
ACC2863,0.5346907266235646
ACC2864,0.006851297886712342
ACC2865,0.652899739457686
ACC2866,0.9682524365531217
ACC2867,0.24404130078162695
ACC2868,0.8619125735790795
ACC2869,0.013027115700086847
ACC2870,0.9821480266332143
ACC2871,0.6472064074109813
ACC2872,0.6287754511241919
ACC2873,0.809707613625398
ACC2874,0.8099971050854
ACC2875,0.7461159895783075
ACC2876,0.9519444176396796
ACC2877,0.5423140017369488
ACC2878,0.0912863070539419
ACC2879,0.6174852841841165
ACC2880,0.18295860272121972
ACC2881,0.9875518672199171
ACC2882,0.462800347389752
ACC2883,0.8195503232654636
ACC2884,0.19569622696130465
ACC2885,0.5427964875036186
ACC2886,0.18971340345459808
ACC2887,0.7079996140113867
ACC2888,0.9721123226864807
ACC2889,0.2103637942680691
ACC2890,0.4300878124095339
ACC2891,0.16153623468107692
ACC2892,0.640644600984271
ACC2893,0.1480266332143202
ACC2894,0.3579079417157194
ACC2895,0.3937083856026247
ACC2896,0.4818102865965454
ACC2897,0.9413297307729422
ACC2898,0.39341889414262277
ACC2899,0.47109910257647397
ACC2900,0.6555051625977034
ACC2901,0.23072469362153816
ACC2902,0.3727685033291518
ACC2903,0.3590659075557271
ACC2904,0.9582167326063881
ACC2905,0.17244041300781626
ACC2906,0.011772652706745152
ACC2907,0.4718710798031458
ACC2908,0.42835086364952235
ACC2909,0.8840104216925601
ACC2910,0.6516452764643443
ACC2911,0.20891633696805945
ACC2912,0.8766766380391778
ACC2913,0.450448711763003
ACC2914,0.20418797645469458
ACC2915,0.9583132297597221
ACC2916,0.19685419280131236
ACC2917,0.7154298948181028
ACC2918,0.5160667760301071
ACC2919,0.8543857956190293
ACC2920,0.3087908906687253
ACC2921,0.0847245006272315
ACC2922,0.21547814339476987
ACC2923,0.5764739940171765
ACC2924,0.7607835568850719
ACC2925,0.7587571166650584
ACC2926,0.21123226864807487
ACC2927,0.9039853324326932
ACC2928,0.8981955032326546
ACC2929,0.4756344687831709
ACC2930,0.3377400366689183
ACC2931,0.2801312361285342
ACC2932,0.9071697384927144
ACC2933,0.5973173791373154
ACC2934,0.3772073723825147
ACC2935,0.3648557367557657
ACC2936,0.20148605616134324
ACC2937,0.8150149570587668
ACC2938,0.32046704622213645
ACC2939,0.6905336292579369
ACC2940,0.07613625398050758
ACC2941,0.03657242111357715
ACC2942,0.7168773521181125
ACC2943,0.38319019588922126
ACC2944,0.2730869439351539
ACC2945,0.5079610151500531
ACC2946,0.09775161632731834
ACC2947,0.8920196854192801
ACC2948,0.06330213258708868
ACC2949,0.2860175624819068
ACC2950,0.3038695358486925
ACC2951,0.4188941426227926
ACC2952,0.9654540191064364
ACC2953,0.1211039274341407
ACC2954,0.6988323844446589
ACC2955,0.21219724018141464
ACC2956,0.7710122551384734
ACC2957,0.44359741387629065
ACC2958,0.6870597317379137
ACC2959,0.7036572421113577
ACC2960,0.4777574061565184
ACC2961,0.8906687252726044
ACC2962,0.8418411656856123
ACC2963,0.5962559104506417
ACC2964,0.29200038598861333
ACC2965,0.01746598475344977
ACC2966,0.48489819550323265
ACC2967,0.9829200038598861
ACC2968,0.2384444658882563
ACC2969,0.9227057801794847
ACC2970,0.9043713210460291
ACC2971,0.6664093409244427
ACC2972,0.44485187686963235
ACC2973,0.8413586799189424
ACC2974,0.15912380584772748
ACC2975,0.5517707227636784
ACC2976,0.6164238154974429
ACC2977,0.23381260252822542
ACC2978,0.6213451703174756
ACC2979,0.7163948663514427
ACC2980,0.8542892984656952
ACC2981,0.9532953777863553
ACC2982,0.94248769661295
ACC2983,0.7617485284184117
ACC2984,0.8009263726720062
ACC2985,0.06002122937373348
ACC2986,0.4581684840297211
ACC2987,0.39322589983595485
ACC2988,0.855350767152369
ACC2989,0.396796294509312
ACC2990,0.9612081443597413
ACC2991,0.26015632538840106
ACC2992,0.7338608511048924
ACC2993,0.48779311010325194
ACC2994,0.8025668242786838
ACC2995,0.1655891151211039
ACC2996,0.4615458843964103
ACC2997,0.367847148509119
ACC2998,0.46617774775644116
ACC2999,0.6552156711377014
ACC3000,0.8704043230724694
ACC3001,0.45855447264305704
ACC3002,0.6741291131911609
ACC3003,0.42574544050950497
ACC3004,0.9842709640065618
ACC3005,0.18237961980121586
ACC3006,0.3409244427289395
ACC3007,0.10325195406735502
ACC3008,0.5242690340634951
ACC3009,0.7306764450448712
ACC3010,0.4443693911029625
ACC3011,0.8859403647592397
ACC3012,0.31689665154877933
ACC3013,0.06639004149377593
ACC3014,0.7286500048248576
ACC3015,0.3691016115024607
ACC3016,0.6294509311975297
ACC3017,0.21229373733474863
ACC3018,0.8822734729325485
ACC3019,0.24384830647495898
ACC3020,0.06417060696709447
ACC3021,0.4442728939496285
ACC3022,0.7212197240181415
ACC3023,0.793206600405288
ACC3024,0.6898581491845991
ACC3025,0.8006368812120043
ACC3026,0.7972594808453151
ACC3027,0.5175142333301168
ACC3028,0.8074881790987166
ACC3029,0.3414069284956094
ACC3030,0.7052976937180353
ACC3031,0.934092444272894
ACC3032,0.20901283412139343
ACC3033,0.23294412814821963
ACC3034,0.2375759915082505
ACC3035,0.0014474573000096498
ACC3036,0.3215285149088102
ACC3037,0.8995464633793303
ACC3038,0.21991701244813278
ACC3039,0.603396699797356
ACC3040,0.9575412525330502
ACC3041,0.7632924828717553
ACC3042,0.7553797162983692
ACC3043,0.42825436649618837
ACC3044,0.3528900897423526
ACC3045,0.7547042362250314
ACC3046,0.28698253401524654
ACC3047,0.9086171957927242
ACC3048,0.20409147930136062
ACC3049,0.30435202161536234
ACC3050,0.5746405481038309
ACC3051,0.8903792338126025
ACC3052,0.3198880633021326
ACC3053,0.8348933706455659
ACC3054,0.5942294702306282
ACC3055,0.9165299623661102
ACC3056,0.5173212390234488
ACC3057,0.8871948277525813
ACC3058,0.2748238926951655
ACC3059,0.6483643732509891
ACC3060,0.5367171668435781
ACC3061,0.8529383383190196
ACC3062,0.1595097944610634
ACC3063,0.9807970664865386
ACC3064,0.7423526005982823
ACC3065,0.7035607449580238
ACC3066,0.9194248769661295
ACC3067,0.38241821866254944
ACC3068,0.47746791469651645
ACC3069,0.5590080092637267
ACC3070,0.6209591817041398
ACC3071,0.7337643539515585
ACC3072,0.3138087426420921
ACC3073,0.4163852166361092
ACC3074,0.4905915275499373
ACC3075,0.3288622985621924
ACC3076,0.16230821190774872
ACC3077,0.6235646048441571
ACC3078,0.7900221943452668
ACC3079,0.5188651934767924
ACC3080,0.4922319791566149
ACC3081,0.4790118691498601
ACC3082,0.06687252726044582
ACC3083,0.9903502846666024
ACC3084,0.8285245585255235
ACC3085,0.5187686963234585
ACC3086,0.578307439930522
ACC3087,0.07430280806716202
ACC3088,0.32085303483547234
ACC3089,0.7129209688314194
ACC3090,0.16655408665444368
ACC3091,0.979542603493197
ACC3092,0.7736176782784908
ACC3093,0.553700665830358
ACC3094,0.9208723342661391
ACC3095,0.5653768213837692
ACC3096,0.35096014667567305
ACC3097,0.3876290649425842
ACC3098,0.9508829489530058
ACC3099,0.6349512689375664
ACC3100,0.1674225610344495
ACC3101,0.8898002508925986
ACC3102,0.3261603782688411
ACC3103,0.6334073144842227
ACC3104,0.7950400463186336
ACC3105,0.07507478529383384
ACC3106,0.30145710701534306
ACC3107,0.1070153430473801
ACC3108,0.8400077197722667
ACC3109,0.1317186143008781
ACC3110,0.8170413972787802
ACC3111,0.19154684936794364
ACC3112,0.23989192318826594
ACC3113,0.4796873492231979
ACC3114,0.3487407121489916
ACC3115,0.797452475151983
ACC3116,0.2181800636881212
ACC3117,0.5860272121972402
ACC3118,0.9785776319598571
ACC3119,0.5593939978770627
ACC3120,0.34073144842227154
ACC3121,0.6337933030975587
ACC3122,0.9826305123998842
ACC3123,0.855543761459037
ACC3124,0.19328379812795524
ACC3125,0.9235742545594905
ACC3126,0.4227540287561517
ACC3127,0.6823313712245489
ACC3128,0.7758371128051722
ACC3129,0.43462317861623084
ACC3130,0.17330888738782205
ACC3131,0.35520602142236807
ACC3132,0.4413779793496092
ACC3133,0.8369198108655794
ACC3134,0.37334748624915565
ACC3135,0.27665733860851105
ACC3136,0.6619704718710798
ACC3137,0.6271349995175143
ACC3138,0.18151114542121008
ACC3139,0.09707613625398051
ACC3140,0.4003666891826691
ACC3141,0.8300685129788671
ACC3142,0.6056161343240375
ACC3143,0.27906976744186046
ACC3144,0.9919907362732799
ACC3145,0.9732702885264884
ACC3146,0.6788574737045258
ACC3147,0.9118980990060793
ACC3148,0.9355399015729036
ACC3149,0.8618160764257454
ACC3150,0.4781433947698543
ACC3151,0.549454791083663
ACC3152,0.07073241339380489
ACC3153,0.9513654347196757
ACC3154,0.921547814339477
ACC3155,0.6865772459712438
ACC3156,0.25880536524172537
ACC3157,0.5953874360706359
ACC3158,0.08115410595387436
ACC3159,0.8526488468590177
ACC3160,0.05674032616037827
ACC3161,0.3830936987358873
ACC3162,0.21885554376145905
ACC3163,0.8651934767924346
ACC3164,0.4445623854096304
ACC3165,0.4690726623564605
ACC3166,0.48528418411656854
ACC3167,0.7247901186914986
ACC3168,0.8136639969120911
ACC3169,0.917398436746116
ACC3170,0.38444465888256296
ACC3171,0.5707806619704718
ACC3172,0.3532760783556885
ACC3173,0.5070925407700473
ACC3174,0.19077487214127184
ACC3175,0.07661873974717746
ACC3176,0.052204959953681365
ACC3177,0.7781530444851877
ACC3178,0.5602624722570684
ACC3179,0.7020167905046801
ACC3180,0.8830454501592203
ACC3181,0.5689472160571263
ACC3182,0.09968155939399788
ACC3183,0.8741677120524944
ACC3184,0.3219145035221461
ACC3185,0.6799189423911994
ACC3186,0.030686094760204573
ACC3187,0.9982630512399884
ACC3188,0.13741194634758275
ACC3189,0.4017176493293448
ACC3190,0.31332625687542215
ACC3191,0.4851876869632346
ACC3192,0.26835858342178903
ACC3193,0.9240567403261604
ACC3194,0.18826594615458844
ACC3195,0.7420631091382804
ACC3196,0.47881887484319213
ACC3197,0.37836533822252244
ACC3198,0.3349416192222329
ACC3199,0.9850429412332337
ACC3200,0.8244716780854965
ACC3201,0.7410981376049407
ACC3202,0.925407700472836
ACC3203,0.1272797452475152
ACC3204,0.06098620090707324
ACC3205,0.718807295184792
ACC3206,0.0012544629933416965
ACC3207,0.467046222136447
ACC3208,0.12718324809418122
ACC3209,0.3032905529286886
ACC3210,0.061565183827077104
ACC3211,0.22454887580816366
ACC3212,0.37585641223583904
ACC3213,0.6766380391778443
ACC3214,0.6832963427578886
ACC3215,0.23400559683489336
ACC3216,0.322203994982148
ACC3217,0.2447167808549648
ACC3218,0.014474573000096497
ACC3219,0.24606774100164044
ACC3220,0.8894142622792628
ACC3221,0.28177168773521183
ACC3222,0.9905432789732703
ACC3223,0.14580719868763872
ACC3224,0.946251085592975
ACC3225,0.09360223873395734
ACC3226,0.4428254366496188
ACC3227,0.31458071986876385
ACC3228,0.5787899256971919
ACC3229,0.38328669304255525
ACC3230,0.8997394576859983
ACC3231,0.913056064846087
ACC3232,0.13779793496091866
ACC3233,0.9714368426131429
ACC3234,0.35317958120235454
ACC3235,0.5073820322300492
ACC3236,0.6244330792241629
ACC3237,0.7160088777381067
ACC3238,0.4417639679629451
ACC3239,0.9674804593264499
ACC3240,0.9122840876194153
ACC3241,0.28572807102190484
ACC3242,0.61951172440413
ACC3243,0.6599440316510663
ACC3244,0.5417350188169449
ACC3245,0.7500723728650005
ACC3246,0.9275306378461835
ACC3247,0.9873588729132491
ACC3248,0.6341792917108945
ACC3249,0.8956865772459712
ACC3250,0.7917591431052784
ACC3251,0.9553218180063688
ACC3252,0.31043134227540287
ACC3253,0.034449483740229665
ACC3254,0.9724983112998167
ACC3255,0.3275113384155167
ACC3256,0.8366303194055775
ACC3257,0.9617871272797452
ACC3258,0.9614976358197433
ACC3259,0.34565280324230435
ACC3260,0.3563639872623758
ACC3261,0.9281096207661874
ACC3262,0.5716491363504776
ACC3263,0.23188265946154588
ACC3264,0.479301360609862
ACC3265,0.3476792434623179
ACC3266,0.1839235742545595
ACC3267,0.9848499469265657
ACC3268,0.19164334652127762
ACC3269,0.2277332818681849
ACC3270,0.08983884975393226
ACC3271,0.384251664575895
ACC3272,0.054327897327028855
ACC3273,0.2876580140885844
ACC3274,0.20303001061468687
ACC3275,0.46887966804979253
ACC3276,0.6604265174177362
ACC3277,0.8838174273858921
ACC3278,0.22290842420148604
ACC3279,0.4342371900028949
ACC3280,0.3107208337354048
ACC3281,0.9555148123130368
ACC3282,0.6782784907845218
ACC3283,0.91701244813278
ACC3284,0.057126314773714174
ACC3285,0.8002508925986683
ACC3286,0.3738299720158255
ACC3287,0.7891537199652611
ACC3288,0.0021229373733474863
ACC3289,0.7902151886519347
ACC3290,0.45874746694972496
ACC3291,0.7788285245585255
ACC3292,0.2936408375952909
ACC3293,0.6369777091575799
ACC3294,0.11241918363408279
ACC3295,0.9016694007526778
ACC3296,0.2596738396217312
ACC3297,0.5425069960436167
ACC3298,0.3864710991025765
ACC3299,0.8422271542989482
ACC3300,0.38338319019588923
ACC3301,0.9393032905529287
ACC3302,0.9986490398533243
ACC3303,0.7415806233716106
ACC3304,0.5087329923767249
ACC3305,0.36591720544243944
ACC3306,0.8615265849657435
ACC3307,0.48731062433658207
ACC3308,0.9298465695261989
ACC3309,0.0686094760204574
ACC3310,0.6778925021711859
ACC3311,0.9394962848595967
ACC3312,0.37701437807584676
ACC3313,0.4602914214030686
ACC3314,0.2895879571552639
ACC3315,0.9349609186528998
ACC3316,0.8934671427192897
ACC3317,0.15941329730772943
ACC3318,0.3416964199556113
ACC3319,0.6635144263244235
ACC3320,0.46598475344977325
ACC3321,0.4393515391295957
ACC3322,0.4206310913828042
ACC3323,0.33407314484222717
ACC3324,0.06262665251375084
ACC3325,0.2920968831419473
ACC3326,0.6036861912573579
ACC3327,0.7766090900318441
ACC3328,0.8566052301457107
ACC3329,0.7133069574447554
ACC3330,0.2102672971147351
ACC3331,0.5662452957637749
ACC3332,0.41339380488275596
ACC3333,0.16973849271446492
ACC3334,0.822445237865483
ACC3335,0.7677313519251182
ACC3336,0.6531892309176879
ACC3337,0.11917398436746116
ACC3338,0.08713692946058091
ACC3339,0.5890186239505935
ACC3340,0.9569622696130464
ACC3341,0.1574833542410499
ACC3342,0.586895686577246
ACC3343,0.21046029142140307
ACC3344,0.23786548296825244
ACC3345,0.03367750651355785
ACC3346,0.8456045546656373
ACC3347,0.23612853420824087
ACC3348,0.16780854964778538
ACC3349,0.12544629933416965
ACC3350,0.5394190871369294
ACC3351,0.863263533725755
ACC3352,0.4703271253498022
ACC3353,0.38608511048924055
ACC3354,0.5022676831033485
ACC3355,0.8996429605326642
ACC3356,0.19666119849464442
ACC3357,0.5105664382900704
ACC3358,0.4082794557560552
ACC3359,0.43578114445623856
ACC3360,0.2709640065618064
ACC3361,0.24182186625494548
ACC3362,0.36813663996912094
ACC3363,0.20013509601466756
ACC3364,0.9567692753063785
ACC3365,0.36456624529576376
ACC3366,0.9894818102865965
ACC3367,0.8666409340924442
ACC3368,0.19936311878799576
ACC3369,0.0010614686866737431
ACC3370,0.03782688410691885
ACC3371,0.008395252340055968
ACC3372,0.880440027019203
ACC3373,0.4366496188362443
ACC3374,0.714754414744765
ACC3375,0.4193766283894625
ACC3376,0.27038502364180256
ACC3377,0.13692946058091288
ACC3378,0.06214416674708096
ACC3379,0.20389848499469265
ACC3380,0.591045064170607
ACC3381,0.048538068126990255
ACC3382,0.7927241146386181
ACC3383,0.1868184888545788
ACC3384,0.08829489530058864
ACC3385,0.3070539419087137
ACC3386,0.32963427578886423
ACC3387,0.7495898870983306
ACC3388,0.0756537682138377
ACC3389,0.7651259287851009
ACC3390,0.5977033677506514
ACC3391,0.6269420052108463
ACC3392,0.19453826112129693
ACC3393,0.9522339090996815
ACC3394,0.14117533532760784
ACC3395,0.7922416288719483
ACC3396,0.970761362539805
ACC3397,0.3342661391488951
ACC3398,0.05654733185371032
ACC3399,0.3780758467625205
ACC3400,0.5091189809900608
ACC3401,0.46260735308308404
ACC3402,0.9828235067065522
ACC3403,0.9797355977998649
ACC3404,0.43356170992955706
ACC3405,0.6314773714175432
ACC3406,0.5396120814435974
ACC3407,0.8131815111454213
ACC3408,0.4112708675094085
ACC3409,0.06967094470713114
ACC3410,0.6393901379909293
ACC3411,0.05558236032037055
ACC3412,0.7087715912380584
ACC3413,0.5677892502171186
ACC3414,0.5753160281771688
ACC3415,0.30425552446202836
ACC3416,0.40229663224934864
ACC3417,0.11135771494740905
ACC3418,0.2442342950882949
ACC3419,0.30772942198205155
ACC3420,0.8453150632056354
ACC3421,0.5555341117437036
ACC3422,0.7200617581781338
ACC3423,0.20032809032133553
ACC3424,0.3526005982823507
ACC3425,0.5225320853034835
ACC3426,0.9366013702595773
ACC3427,0.33436263630222907
ACC3428,0.027791180160185273
ACC3429,0.4641513075364277
ACC3430,0.44620283701630803
ACC3431,0.0553893660137026
ACC3432,0.4039370838560262
ACC3433,0.7462124867316414
ACC3434,0.25658593071504393
ACC3435,0.20167905046801118
ACC3436,0.7322203994982148
ACC3437,0.0219048538068127
ACC3438,0.5499372768503329
ACC3439,0.6011772652706745
ACC3440,0.814339476985429
ACC3441,0.809900607932066
ACC3442,0.5511917398436746
ACC3443,0.7959085206986394
ACC3444,0.5975103734439834
ACC3445,0.1888449290745923
ACC3446,0.42101707999614013
ACC3447,0.9017658979060118
ACC3448,0.43105278394287366
ACC3449,0.8175238830454502
ACC3450,0.8191643346521278
ACC3451,0.2264788188748432
ACC3452,0.4328862298562192
ACC3453,0.8728167519058188
ACC3454,0.5136543471967577
ACC3455,0.3714175431824761
ACC3456,0.4107883817427386
ACC3457,0.4053845411560359
ACC3458,0.22097848113480653
ACC3459,0.7336678567982244
ACC3460,0.015053555920100357
ACC3461,0.42005210846280033
ACC3462,0.2724114638618161
ACC3463,0.07217987069381453
ACC3464,0.975296728746502
ACC3465,0.7661873974717746
ACC3466,0.35925890186239506
ACC3467,0.6513557850043423
ACC3468,0.013606098620090707
ACC3469,0.025764739940171765
ACC3470,0.3446878317089646
ACC3471,0.14928109620766186
ACC3472,0.17215092154781433
ACC3473,0.1537199652610248
ACC3474,0.6805944224645373
ACC3475,0.599054327897327
ACC3476,0.5889221267972595
ACC3477,0.616134324037441
ACC3478,0.08443500916722957
ACC3479,0.32181800636881214
ACC3480,0.6430570298176204
ACC3481,0.5086364952233909
ACC3482,0.006754800733378365
ACC3483,0.8600791276657339
ACC3484,0.6992183730579948
ACC3485,0.021229373733474863
ACC3486,0.8961690630126411
ACC3487,0.5792724114638618
ACC3488,0.5316028177168773
ACC3489,0.7622310141850815
ACC3490,0.49734632828331565
ACC3491,0.867895397085786
ACC3492,0.1619222232944128
ACC3493,0.3362925793689086
ACC3494,0.6580140885843868
ACC3495,0.7507478529383383
ACC3496,0.6057126314773714
ACC3497,0.991797741966612
ACC3498,0.4921354820032809
ACC3499,0.20042458747466949
ACC3500,0.5568850718903793
ACC3501,0.3277043327221847
ACC3502,0.9303290552928689
ACC3503,0.5914310527839429
ACC3504,0.0039563832866930425
ACC3505,0.05210846280034739
ACC3506,0.27916626459519445
ACC3507,0.09620766187397471
ACC3508,0.04313422754028756
ACC3509,0.4253594518961691
ACC3510,0.1066293544340442
ACC3511,0.4735115314098234
ACC3512,0.4554665637363698
ACC3513,0.33783653382225226
ACC3514,0.026922705780179485
ACC3515,0.6871562288912477
ACC3516,0.1813181511145421
ACC3517,0.7205442439448037
ACC3518,0.09447071311396314
ACC3519,0.3214320177554762
ACC3520,0.8705973173791374
ACC3521,0.5725176107304835
ACC3522,0.9217408086461449
ACC3523,0.12197240181414648
ACC3524,0.9600501785197336
ACC3525,0.11927048152079514
ACC3526,0.14194731255427964
ACC3527,0.9226092830261508
ACC3528,0.5941329730772942
ACC3529,0.7109910257647399
ACC3530,0.5998263051239988
ACC3531,0.5057415806233716
ACC3532,0.9595676927530638
ACC3533,0.9009939206793399
ACC3534,0.4666602335231111
ACC3535,0.7876097655119174
ACC3536,0.37817234391585447
ACC3537,0.47630994885650874
ACC3538,0.3562674901090418
ACC3539,0.6329248287175528
ACC3540,0.7090610826980605
ACC3541,0.8028563157386857
ACC3542,0.7873202740519155
ACC3543,0.7639679629450932
ACC3544,0.1099102576473994
ACC3545,0.17041397278780276
ACC3546,0.5449194248769661
ACC3547,0.5809128630705395
ACC3548,0.9854289298465695
ACC3549,0.045450159220303
ACC3550,0.34304738010228697
ACC3551,0.38357618450255715
ACC3552,0.3054134903020361
ACC3553,0.7943645662452957
ACC3554,0.7668628775451124
ACC3555,0.8329634275788864
ACC3556,0.18421306571456142
ACC3557,0.5034256489433562
ACC3558,0.9367943645662453
ACC3559,0.49406542506996043
ACC3560,0.628292965357522
ACC3561,0.6900511434912671
ACC3562,0.8258226382321722
ACC3563,0.49483740229663226
ACC3564,0.9688314194731256
ACC3565,0.1504390620476696
ACC3566,0.6510662935443404
ACC3567,0.07160088777381067
ACC3568,0.32953777863553024
ACC3569,0.7594325967383962
ACC3570,0.7527742931583519
ACC3571,0.07758371128051722
ACC3572,0.038212872720254754
ACC3573,0.0467046222136447
ACC3574,0.1913538550612757
ACC3575,0.380295281289202
ACC3576,0.43944803628292967
ACC3577,0.27414841262182765
ACC3578,0.8283315642188556
ACC3579,0.4314387725562096
ACC3580,0.946347582746309
ACC3581,0.6023352311106822
ACC3582,0.706262665251375
ACC3583,0.07536427675383577
ACC3584,0.9372768503329152
ACC3585,0.039370838560262474
ACC3586,0.3826112129692174
ACC3587,0.32712534980218083
ACC3588,0.0628196468204188
ACC3589,0.768792820611792
ACC3590,0.6464344301843096
ACC3591,0.7574061565183827
ACC3592,0.43201775547621346
ACC3593,0.7538357618450255
ACC3594,0.02248383672681656
ACC3595,0.611309466370742
ACC3596,0.5399980700569333
ACC3597,0.024606774100164045
ACC3598,0.9330309755862202
ACC3599,0.05355592010035704
ACC3600,0.029721123226864807
ACC3601,0.5183827077101225
ACC3602,0.12901669400752677
ACC3603,0.09514619318730097
ACC3604,0.5390330985235936
ACC3605,0.8603686191257358
ACC3606,0.7793110103251955
ACC3607,0.9326449869728843
ACC3608,0.6176782784907845
ACC3609,0.1474476502943163
ACC3610,0.7630994885650874
ACC3611,0.6413200810576088
ACC3612,0.9427771880729519
ACC3613,0.6503908134710026
ACC3614,0.8652899739457686
ACC3615,0.39853324326932354
ACC3616,0.07169738492714466
ACC3617,0.8781240953391874
ACC3618,0.9774196661198494
ACC3619,0.34825822638232173
ACC3620,0.7176493293447843
ACC3621,0.5003377400366689
ACC3622,0.9410402393129402
ACC3623,0.42207854868281386
ACC3624,0.6397761266042652
ACC3625,0.2836051336485574
ACC3626,0.12515680787416772
ACC3627,0.15150053073434333
ACC3628,0.011965647013413105
ACC3629,0.685901765897906
ACC3630,0.6055196371707035
ACC3631,0.7373347486249155
ACC3632,0.7776705587185178
ACC3633,0.7105085399980701
ACC3634,0.055968348933706454
ACC3635,0.4478432886229856
ACC3636,0.4280613721895204
ACC3637,0.9727878027598186
ACC3638,0.5971243848306474
ACC3639,0.34603879185564024
ACC3640,0.03715140403358101
ACC3641,0.21750458361478336
ACC3642,0.31824761169545496
ACC3643,0.5876676638039178
ACC3644,0.9991315256199942
ACC3645,0.7951365434719676
ACC3646,0.3706455659558043
ACC3647,0.21605712631477372
ACC3648,0.6178712727974525
ACC3649,0.9992280227733282
ACC3650,0.8731062433658207
ACC3651,0.9538743607063591
ACC3652,0.7468879668049793
ACC3653,0.49358293930329056
ACC3654,0.13007816269420053
ACC3655,0.5522532085303483
ACC3656,0.863456528032423
ACC3657,0.22300492135482003
ACC3658,0.17350188169449002
ACC3659,0.6025282254173502
ACC3660,0.5254269999035028
ACC3661,0.9601466756730677
ACC3662,0.3252919038888353
ACC3663,0.5892116182572614
ACC3664,0.6252050564508347
ACC3665,0.4440798996429605
ACC3666,0.5695261989771302
ACC3667,0.8474380005789829
ACC3668,0.4729325484898195
ACC3669,0.5486828138569912
ACC3670,0.9488565087329924
ACC3671,0.1937662838946251
ACC3672,0.9398822734729325
ACC3673,0.8556402586123709
ACC3674,0.5880536524172537
ACC3675,0.13876290649425843
ACC3676,0.8857473704525717
ACC3677,0.055678857473704525
ACC3678,0.36321528514908813
ACC3679,0.586606195117244
ACC3680,0.7187107980314581
ACC3681,0.04149377593360996
ACC3682,0.45614204380970763
ACC3683,0.6807874167712052
ACC3684,0.08800540384058671
ACC3685,0.8501399208723343
ACC3686,0.8472450062723149
ACC3687,0.07825919135385506
ACC3688,0.8711763002991412
ACC3689,0.8461835375856412
ACC3690,0.39940171764932936
ACC3691,0.7496863842516646
ACC3692,0.8992569719193284
ACC3693,0.46974814242979834
ACC3694,0.5323747949435491
ACC3695,0.9233812602528225
ACC3696,0.2690340634951269
ACC3697,0.9745247515198302
ACC3698,0.0015439544533436265
ACC3699,0.07256585930715044
ACC3700,0.5585255234970569
ACC3701,0.7444755379716298
ACC3702,0.6243365820708289
ACC3703,0.0001929943066679533
ACC3704,0.4532471292096883
ACC3705,0.5292868860368619
ACC3706,0.16269420052108463
ACC3707,0.6150728553507672
ACC3708,0.6989288815979928
ACC3709,0.3573289587957155
ACC3710,0.4537296149763582
ACC3711,0.5690437132104603
ACC3712,0.06706552156711378
ACC3713,0.0017369487600115796
ACC3714,0.21374119463475827
ACC3715,0.9977805654733185
ACC3716,0.6925600694779503
ACC3717,0.9925697191932839
ACC3718,0.01437807584676252
ACC3719,0.8764836437325099
ACC3720,0.7498793785583325
ACC3721,0.32818681848885456
ACC3722,0.14407024992762713
ACC3723,0.27675383576184504
ACC3724,0.41329730772942197
ACC3725,0.9619801215864132
ACC3726,0.20843385120138955
ACC3727,0.376145903695841
ACC3728,0.7608800540384059
ACC3729,0.6781819936311879
ACC3730,0.6042651741773618
ACC3731,0.5072855350767153
ACC3732,0.7393611888449291
ACC3733,0.27800829875518673
ACC3734,0.32702885264884685
ACC3735,0.421692560069478
ACC3736,0.6846473029045643
ACC3737,0.929943066679533
ACC3738,0.2789732702885265
ACC3739,0.0042458747466949725
ACC3740,0.21760108076811735
ACC3741,0.0483450738203223
ACC3742,0.41426227926276177
ACC3743,0.6872527260445817
ACC3744,0.40220013509601465
ACC3745,0.2898774486152659
ACC3746,0.7701437807584677
ACC3747,0.8732992376724886
ACC3748,0.38212872720254754
ACC3749,0.2847630994885651
ACC3750,0.6667953295377786
ACC3751,0.2123902344880826
ACC3752,0.47708192608318056
ACC3753,0.3321432017755476
ACC3754,0.9580237382997202
ACC3755,0.007044292193380295
ACC3756,0.5361381839235743
ACC3757,0.4207275885361382
ACC3758,0.48036282929653573
ACC3759,0.5240760397568272
ACC3760,0.8787995754125253
ACC3761,0.5970278876773135
ACC3762,0.08289105471388594
ACC3763,0.9777091575798514
ACC3764,0.9965261024799769
ACC3765,0.31187879957541254
ACC3766,0.08250506610055003
ACC3767,0.9880343529865869
ACC3768,0.37460194924249735
ACC3769,0.7844253594518962
ACC3770,0.4903985332432693
ACC3771,0.6328283315642188
ACC3772,0.29296535752195313
ACC3773,0.6368812120042459
ACC3774,0.9371803531795811
ACC3775,0.40094567210267296
ACC3776,0.40470906108269805
ACC3777,0.3889800250892599
ACC3778,0.8045932644986973
ACC3779,0.9199073627327994
ACC3780,0.9750072372865001
ACC3781,0.2777188072951848
ACC3782,0.7282640162115218
ACC3783,0.3475827463089839
ACC3784,0.9428736852262858
ACC3785,0.1425262954742835
ACC3786,0.43867605905625784
ACC3787,0.95049696033967
ACC3788,0.6857087715912381
ACC3789,0.644793978577632
ACC3790,0.022097848113480652
ACC3791,0.8468590176589791
ACC3792,0.16636109234777574
ACC3793,0.8189713403454598
ACC3794,0.4856701727299045
ACC3795,0.5559201003570394
ACC3796,0.9102576473994017
ACC3797,0.1649136350477661
ACC3798,0.4640548103830937
ACC3799,0.44523786548296823
ACC3800,0.3162211714754415
ACC3801,0.12747273955418315
ACC3802,0.4893370645565956
ACC3803,0.27820129306185465
ACC3804,0.8864228505259095
ACC3805,0.11936697867412911
ACC3806,0.12534980218083566
ACC3807,0.8928881597992859
ACC3808,0.8493679436456625
ACC3809,0.1656856122744379
ACC3810,0.797645469458651
ACC3811,0.3227829779021519
ACC3812,0.7719772266718132
ACC3813,0.7452475151983017
ACC3814,0.8771591238058477
ACC3815,0.9491460001929943
ACC3816,0.6493293447843289
ACC3817,0.28563157386857085
ACC3818,0.19733667856798223
ACC3819,0.7005693332046704
ACC3820,0.421403068609476
ACC3821,0.4189906397761266
ACC3822,0.6165203126507768
ACC3823,0.17031747563446878
ACC3824,0.49387243076329246
ACC3825,0.32664286403551096
ACC3826,0.32683585834217893
ACC3827,0.6582070828910547
ACC3828,0.06677603010711183
ACC3829,0.6390041493775933
ACC3830,0.5407700472836051
ACC3831,0.41956962269613046
ACC3832,0.8747466949724984
ACC3833,0.851394383865676
ACC3834,0.5053555920100357
ACC3835,0.09862009070732414
ACC3836,0.2695165492617968
ACC3837,0.11869149860079127
ACC3838,0.07874167712052495
ACC3839,0.7512303387050082
ACC3840,0.33204670462221364
ACC3841,0.4165782109427772
ACC3842,0.14387725562095918
ACC3843,0.7996719096786645
ACC3844,0.7947505548586317
ACC3845,0.33281868184888547
ACC3846,0.45758950110971724
ACC3847,0.6512592878510084
ACC3848,0.6310913828042073
ACC3849,0.7865482968252436
ACC3850,0.38975200231593166
ACC3851,0.46299334169642
ACC3852,0.3123612853420824
ACC3853,0.689761652031265
ACC3854,0.4654057705297694
ACC3855,0.27453440123516354
ACC3856,0.9788671234198592
ACC3857,0.12457782495416385
ACC3858,0.3775933609958506
ACC3859,0.7872237768985815
ACC3860,0.9078452185660523
ACC3861,0.9331274727395542
ACC3862,0.29943066679532954
ACC3863,0.5405770529769371
ACC3864,0.9137315449194249
ACC3865,0.9607256585930715
ACC3866,0.04429219338029528
ACC3867,0.74351056643829
ACC3868,0.1553604168677024
ACC3869,0.26556016597510373
ACC3870,0.7908906687252726
ACC3871,0.6623564604844157
ACC3872,0.35810093602238735
ACC3873,0.1343240374408955
ACC3874,0.9429701823796198
ACC3875,0.7984174466853228
ACC3876,0.4123323361960822
ACC3877,0.6168098041107787
ACC3878,0.9395927820129306
ACC3879,0.01350960146675673
ACC3880,0.9659365048731062
ACC3881,0.05963524076039757
ACC3882,0.13200810576088007
ACC3883,0.169449001254463
ACC3884,0.18652899739457687
ACC3885,0.31786162308211907
ACC3886,0.8442535945189616
ACC3887,0.5589115121103927
ACC3888,0.6473029045643154
ACC3889,0.5185757020167905
ACC3890,0.5411560358969411
ACC3891,0.12052494451413684
ACC3892,0.822541735018817
ACC3893,0.09350574158062337
ACC3894,0.9884203415999228
ACC3895,0.42854385795619027
ACC3896,0.9201003570394674
ACC3897,0.4450448711763003
ACC3898,0.3902344880826016
ACC3899,0.93351346135289
ACC3900,0.17417736176782786
ACC3901,0.4390620476695937
ACC3902,0.5838077776705587
ACC3903,0.7419666119849464
ACC3904,0.41870114831612465
ACC3905,0.17340538454115603
ACC3906,0.0512399884203416
ACC3907,0.6231786162308212
ACC3908,0.9593746984463958
ACC3909,0.6792434623178616
ACC3910,0.3598378847823989
ACC3911,0.6198012158641321
ACC3912,0.9107401331660716
ACC3913,0.748238926951655
ACC3914,0.35559201003570395
ACC3915,0.636591720544244
ACC3916,0.9360223873395734
ACC3917,0.8086461449387243
ACC3918,0.9687349223197915
ACC3919,0.9027308694393515
ACC3920,0.7235356556981569
ACC3921,0.4015246550226768
ACC3922,0.6550226768310334
ACC3923,0.2798417446685323
ACC3924,0.595097944610634
ACC3925,0.11656856122744379
ACC3926,0.351153140982341
ACC3927,0.23004921354820032
ACC3928,0.7037537392646916
ACC3929,0.1744668532278298
ACC3930,0.8976165203126508
ACC3931,0.5109524269034064
ACC3932,0.8481134806523207
ACC3933,0.557657049117051
ACC3934,0.3374505452089163
ACC3935,0.7566341792917108
ACC3936,0.801794847052012
ACC3937,0.847148509118981
ACC3938,0.41715719386278105
ACC3939,0.28206117919521373
ACC3940,0.8007333783653382
ACC3941,0.6615844832577439
ACC3942,0.8703078259191354
ACC3943,0.3867605905625784
ACC3944,0.8287175528321914
ACC3945,0.2706745151018045
ACC3946,0.7110875229180739
ACC3947,0.7669593746984464
ACC3948,0.6754800733378366
ACC3949,0.12592878510083952
ACC3950,0.45971243848306476
ACC3951,0.18209012834121394
ACC3952,0.871851780372479
ACC3953,0.8267876097655119
ACC3954,0.7759336099585062
ACC3955,0.6407410981376049
ACC3956,0.20881983981472546
ACC3957,0.7878992569719193
ACC3958,0.7931101032519541
ACC3959,0.6948760011579659
ACC3960,0.8518768696323459
ACC3961,0.01929943066679533
ACC3962,0.9574447553797163
ACC3963,0.8733957348258227
ACC3964,0.7754511241918364
ACC3965,0.9325484898195503
ACC3966,0.8937566341792917
ACC3967,0.3413104313422754
ACC3968,0.38830454501592204
ACC3969,0.7143684261314291
ACC3970,0.5669207758371128
ACC3971,0.5749300395638328
ACC3972,0.8850718903792338
ACC3973,0.851297886712342
ACC3974,0.8307439930522049
ACC3975,0.02817716877352118
ACC3976,0.41831515970278876
ACC3977,0.6879282061179195
ACC3978,0.4549840779696999
ACC3979,0.7076136253980507
ACC3980,0.3274148412621828
ACC3981,0.3777863553025186
ACC3982,0.14764064460098428
ACC3983,0.673550130271157
ACC3984,0.9261796776995078
ACC3985,0.5114349126700762
ACC3986,0.36707517128244715
ACC3987,0.016115024606774102
ACC3988,0.01640451606677603
ACC3989,0.5376821383769179
ACC3990,0.5755090224838367
ACC3991,0.5386471099102577
ACC3992,0.355399015729036
ACC3993,0.43848306474958987
ACC3994,0.8517803724790118
ACC3995,0.5272604458168484
ACC3996,0.9270481520795136
ACC3997,0.09408472450062723
ACC3998,0.11155070925407701
ACC3999,0.9276271349995175
ACC4000,0.1318151114542121
ACC4001,0.07517128244716781
ACC4002,0.3600308790890669
ACC4003,0.34449483740229664
ACC4004,0.9202933513461353
ACC4005,0.2322686480748818
ACC4006,0.793303097558622
ACC4007,0.21538164624143588
ACC4008,0.4057705297693718
ACC4009,0.979253112033195
ACC4010,0.06928495609379523
ACC4011,0.18845894046125639
ACC4012,0.41590273086943935
ACC4013,0.31583518286210555
ACC4014,0.6680497925311203
ACC4015,0.05731930908038213
ACC4016,0.19820515294798804
ACC4017,0.2733764353951558
ACC4018,0.9143105278394288
ACC4019,0.5794654057705297
ACC4020,0.7254655987648364
ACC4021,0.8448325774389656
ACC4022,0.33030975586220207
ACC4023,0.7029817620380199
ACC4024,0.7281675190581878
ACC4025,0.2885264884685902
ACC4026,0.027212197240181413
ACC4027,0.5312168291035414
ACC4028,0.12863070539419086
ACC4029,0.39727878027598185
ACC4030,0.5321818006368813
ACC4031,0.36225031361574833
ACC4032,0.722956672778153
ACC4033,0.21267972594808454
ACC4034,0.2674901090417833
ACC4035,0.5507092540770048
ACC4036,0.8941426227926276
ACC4037,0.764450448711763
ACC4038,0.18411656856122743
ACC4039,0.5340152465502268
ACC4040,0.2624722570684165
ACC4041,0.8918266911126121
ACC4042,0.4168677024027791
ACC4043,0.4319212583228795
ACC4044,0.7374312457782496
ACC4045,0.27163948663514426
ACC4046,0.995947119559973
ACC4047,0.1632731834410885
ACC4048,0.9547428350863649
ACC4049,0.44977323168966515
ACC4050,0.9293640837595291
ACC4051,0.9946926565666313
ACC4052,0.20853034835472353
ACC4053,0.40963041590273086
ACC4054,0.5375856412235839
ACC4055,0.7472739554183152
ACC4056,0.09311975296728746
ACC4057,0.15507092540770048
ACC4058,0.9483740229663224
ACC4059,0.6961304641513075
ACC4060,0.31950207468879666
ACC4061,0.17301939592782012
ACC4062,0.025571745633503812
ACC4063,0.04004631863360031
ACC4064,0.22242593843481617
ACC4065,0.7132104602914214
ACC4066,0.4100164045160668
ACC4067,0.991604747659944
ACC4068,0.24452378654829682
ACC4069,0.7613625398050757
ACC4070,0.07497828814049985
ACC4071,0.1806426710412043
ACC4072,0.4144552735694297
ACC4073,0.9967190967866448
ACC4074,0.7175528321914504
ACC4075,0.652803242304352
ACC4076,0.18527453440123517
ACC4077,0.30029914117533535
ACC4078,0.2899739457685998
ACC4079,0.4434044195696227
ACC4080,0.7867412911319116
ACC4081,0.42950882948953006
ACC4082,0.21856605230145712
ACC4083,0.7475634468783171
ACC4084,0.5401910643636013
ACC4085,0.5639293640837595
ACC4086,0.3839621731158931
ACC4087,0.9221267972594809
ACC4088,0.6206696902441378
ACC4089,0.01987841358679919
ACC4090,0.04931004535366207
ACC4091,0.797548972305317
ACC4092,0.4029721123226865
ACC4093,0.3337836533822252
ACC4094,0.7295184792048635
ACC4095,0.8393322396989289
ACC4096,0.6638039177844254
ACC4097,0.5224355881501496
ACC4098,0.6558911512110392
ACC4099,0.7354048055582361
ACC4100,0.16800154395445335
ACC4101,0.12332336196082215
ACC4102,0.7161053748914407
ACC4103,0.17051046994113675
ACC4104,0.6804979253112033
ACC4105,0.7545112419183634
ACC4106,0.152947988034353
ACC4107,0.9560937952330406
ACC4108,0.8533243269323555
ACC4109,0.4138762906494258
ACC4110,0.27781530444851876
ACC4111,0.9781916433465213
ACC4112,0.7791180160185275
ACC4113,0.21055678857473706
ACC4114,0.6952619897713017
ACC4115,0.7391681945382611
ACC4116,0.7595290938917302
ACC4117,0.2701920293351346
ACC4118,0.27173598378847824
ACC4119,0.7445720351249638
ACC4120,0.09032133552060215
ACC4121,0.3095628678953971
ACC4122,0.2120042458747467
ACC4123,0.07652224259384348
ACC4124,0.21306571456142043
ACC4125,0.48827559586992186
ACC4126,0.8334459133455563
ACC4127,0.6970954356846473
ACC4128,0.6151693525041011
ACC4129,0.6976744186046512
ACC4130,0.5520602142236805
ACC4131,0.05152947988034353
ACC4132,0.39100646530927335
ACC4133,0.23805847727492038
ACC4134,0.24124288333494162
ACC4135,0.9181704139727878
ACC4136,0.9929557078066197
ACC4137,0.8575702016790505
ACC4138,0.38367268165589113
ACC4139,0.4281578693428544
ACC4140,0.21132876580140886
ACC4141,0.7846183537585641
ACC4142,0.8757116665058381
ACC4143,0.9066872527260446
ACC4144,0.6636109234777574
ACC4145,0.2268648074881791
ACC4146,0.7615555341117437
ACC4147,0.5631573868570877
ACC4148,0.644407989964296
ACC4149,0.5150053073434334
ACC4150,0.1826691112612178
ACC4151,0.90051143491267
ACC4152,0.13133262568754223
ACC4153,0.02595773424683972
ACC4154,0.47949435491653
ACC4155,0.7730386953584869
ACC4156,0.4776609090031844
ACC4157,0.3928399112226189
ACC4158,0.4946444079899643
ACC4159,0.9022483836726817
ACC4160,0.15854482292772362
ACC4161,0.7787320274051915
ACC4162,0.9706648653864711
ACC4163,0.9591817041397279
ACC4164,0.9342854385795619
ACC4165,0.6977709157579851
ACC4166,0.4881790987165879
ACC4167,0.5587185178037248
ACC4168,0.5493582939303291
ACC4169,0.7597220881983981
ACC4170,0.9655505162597703
ACC4171,0.6712341985911415
ACC4172,0.5068995464633793
ACC4173,0.30570298176203803
ACC4174,0.10527839428736853
ACC4175,0.2711570008684744
ACC4176,0.1946347582746309
ACC4177,0.010614686866737432
ACC4178,0.731737913731545
ACC4179,0.9572517610730483
ACC4180,0.22947023062819646
ACC4181,0.4817137894432114
ACC4182,0.09842709640065618
ACC4183,0.8076811734053846
ACC4184,0.8502364180256683
ACC4185,0.6049406542506996
ACC4186,0.6088970375373927
ACC4187,0.6756730676445045
ACC4188,0.8375952909389173
ACC4189,0.15767634854771784
ACC4190,0.8088391392453923
ACC4191,0.8562192415323748
ACC4192,0.8797645469458651
ACC4193,0.8273665926855158
ACC4194,0.05982823506706552
ACC4195,0.42227154298948183
ACC4196,0.8521663610923478
ACC4197,0.3334941619222233
ACC4198,0.6217311589308115
ACC4199,0.24114638618160764
ACC4200,0.49445141368329637
ACC4201,0.2425938434816173
ACC4202,0.5382611212969217
ACC4203,0.5733860851104893
ACC4204,0.24056740326160378
ACC4205,0.1260252822541735
ACC4206,0.355302518575702
ACC4207,0.7153333976647689
ACC4208,0.6261700279841744
ACC4209,0.3604168677024028
ACC4210,0.8249541638521664
ACC4211,0.12062144166747081
ACC4212,0.6556981569043713
ACC4213,0.0029914117533532763
ACC4214,0.541059538743607
ACC4215,0.6490398533243269
ACC4216,0.7221846955514812
ACC4217,0.012544629933416963
ACC4218,0.3817427385892116
ACC4219,0.9127665733860851
ACC4220,0.4529576377496864
ACC4221,0.9076522242593843
ACC4222,0.48615265849657435
ACC4223,0.7516163273183442
ACC4224,0.31544919424876966
ACC4225,0.6750940847245006
ACC4226,0.8209012834121393
ACC4227,0.6701727299044679
ACC4228,9.649715333397665e-05
ACC4229,0.04709061082698061
ACC4230,0.8012158641320081
ACC4231,0.42622792627617484
ACC4232,0.08974235260059828
ACC4233,0.6847438000578983
ACC4234,0.8943356170992955
ACC4235,0.4731255427964875
ACC4236,0.9568657724597125
ACC4237,0.18797645469458651
ACC4238,0.8336389076522243
ACC4239,0.44079899642960535
ACC4240,0.2094953198880633
ACC4241,0.7923381260252823
ACC4242,0.9644890475730966
ACC4243,0.7135964489047573
ACC4244,0.4201486056161343
ACC4245,0.30763292482871757
ACC4246,0.5845797548972306
ACC4247,0.25542796487503616
ACC4248,0.8902827366592686
ACC4249,0.46501978191643345
ACC4250,0.777091575798514
ACC4251,0.41184985042941236
ACC4252,0.03319502074688797
ACC4253,0.2202065039081347
ACC4254,0.8383672681655892
ACC4255,0.6361092347775741
ACC4256,0.6913056064846087
ACC4257,0.5037151404033581
ACC4258,0.6089935346907266
ACC4259,0.5976068705973174
ACC4260,0.5170317475634468
ACC4261,0.37662838946251087
ACC4262,0.19280131236128534
ACC4263,0.5905625784039371
ACC4264,0.4416674708096111
ACC4265,0.9696998938531314
ACC4266,0.06542506996043616
ACC4267,0.7670558718517804
ACC4268,0.4331757213162212
ACC4269,0.8812120042458748
ACC4270,0.3728650004824858
ACC4271,0.8908617195792724
ACC4272,0.8133745054520891
ACC4273,0.781144456238541
ACC4274,0.38936601370259577
ACC4275,0.6427675383576185
ACC4276,0.48875808163659173
ACC4277,0.49609186528997395
ACC4278,0.24201486056161342
ACC4279,0.731544919424877
ACC4280,0.08732992376724887
ACC4281,0.06233716105374892
ACC4282,0.09640065618064267
ACC4283,0.6237575991508251
ACC4284,0.6627424490977516
ACC4285,0.4983112998166554
ACC4286,0.6763485477178424
ACC4287,0.4099199073627328
ACC4288,0.23728650004824858
ACC4289,0.07053941908713693
ACC4290,0.5902730869439351
ACC4291,0.11994596159413297
ACC4292,0.6013702595773425
ACC4293,0.8587281675190582
ACC4294,0.23439158544822927
ACC4295,0.524558525523497
ACC4296,0.6698832384444658
ACC4297,0.7219917012448133
ACC4298,0.5452089163369681
ACC4299,0.491845990543279
ACC4300,0.5174177361767828
ACC4301,0.6088005403840586
ACC4302,0.9212583228794751
ACC4303,0.9953681366399691
ACC4304,0.8003473897520024
ACC4305,0.41599922802277334
ACC4306,0.8233137122454888
ACC4307,0.6974814242979832
ACC4308,0.5065135578500434
ACC4309,0.9118016018527454
ACC4310,0.5203126507768021
ACC4311,0.623854096304159
ACC4312,0.9062047669593747
ACC4313,0.27627134999517516
ACC4314,0.39457685998263053
ACC4315,0.132201100067548
ACC4316,0.30184309562867895
ACC4317,0.09910257647399402
ACC4318,0.010518189713403455
ACC4319,0.31294026826208626
ACC4320,0.13162211714754415
ACC4321,0.2573579079417157
ACC4322,0.8190678374987937
ACC4323,0.6351442632442343
ACC4324,0.05403840586702692
ACC4325,0.7666698832384444
ACC4326,0.36553121682910356
ACC4327,0.7169738492714465
ACC4328,0.2670076232751134
ACC4329,0.5635433754704237
ACC4330,0.08028563157386857
ACC4331,0.9695068995464634
ACC4332,0.012255138473415035
ACC4333,0.12284087619415228
ACC4334,0.3793303097558622
ACC4335,0.18778346038791854
ACC4336,0.5748335424104989
ACC4337,0.5549551288236997
ACC4338,0.9399787706262666
ACC4339,0.5829393032905529
ACC4340,0.9921837305799479
ACC4341,0.9228022773328187
ACC4342,0.9284956093795234
ACC4343,0.4016211521760108
ACC4344,0.28939496284859595
ACC4345,0.574544050950497
ACC4346,0.5081540094567211
ACC4347,0.0054038405867026925
ACC4348,0.03155456914021036
ACC4349,0.9185564025861237
ACC4350,0.8772556209591817
ACC4351,0.7070346424780469
ACC4352,0.5385506127569236
ACC4353,0.8339283991122262
ACC4354,0.14059635240760399
ACC4355,0.8608511048924057
ACC4356,0.36196082215574643
ACC4357,0.16452764643443019
ACC4358,0.01408858438676059
ACC4359,0.23275113384155166
ACC4360,0.3199845604554666
ACC4361,0.7757406156518383
ACC4362,0.5504197626170028
ACC4363,0.49146000192994305
ACC4364,0.3664961883624433
ACC4365,0.79349609186529
ACC4366,0.09022483836726816
ACC4367,0.14899160474765993
ACC4368,0.1781337450545209
ACC4369,0.13374505452089164
ACC4370,0.3372575509022484
ACC4371,0.4343336871562289
ACC4372,0.5192511820901283
ACC4373,0.08617195792724115
ACC4374,0.03608993534690726
ACC4375,0.7389752002315931
ACC4376,0.516645758950111
ACC4377,0.7489144070249928
ACC4378,0.021132876580140885
ACC4379,0.739650680304931
ACC4380,0.9741387629064943
ACC4381,0.4151307536427675
ACC4382,0.36176782784907846
ACC4383,0.6125639293640838
ACC4384,0.2346810769082312
ACC4385,0.49117051046994115
ACC4386,0.5987648364373251
ACC4387,0.3235549551288237
ACC4388,0.582553314677217
ACC4389,0.9114156132394095
ACC4390,0.8846859017658979
ACC4391,0.6462414358776416
ACC4392,0.1466756730676445
ACC4393,0.6114059635240761
ACC4394,0.5355592010035704
ACC4395,0.22580333880150535
ACC4396,0.41107787320274053
ACC4397,0.45450159220303
ACC4398,0.7896362057319309
ACC4399,0.503908134710026
ACC4400,0.5929750072372865
ACC4401,0.5365241725369102
ACC4402,0.10112901669400752
ACC4403,0.6954549840779697
ACC4404,0.826401621152176
ACC4405,0.8788960725658593
ACC4406,0.27385892116182575
ACC4407,0.9176879282061179
ACC4408,0.5028466660233523
ACC4409,0.8215767634854771
ACC4410,0.8592106532857281
ACC4411,0.4655022676831033
ACC4412,0.041590273086943935
ACC4413,0.6602335231110682
ACC4414,0.7789250217118595
ACC4415,0.5274534401235164
ACC4416,0.305799478915372
ACC4417,0.4002701920293351
ACC4418,0.5211811251568079
ACC4419,0.9033098523593553
ACC4420,0.14320177554762134
ACC4421,0.818199363118788
ACC4422,0.012737624240084917
ACC4423,0.4578789925697192
ACC4424,0.3201775547621345
ACC4425,0.7679243462317862
ACC4426,0.5146193187300975
ACC4427,0.5275499372768503
ACC4428,0.640548103830937
ACC4429,0.3880150535559201
ACC4430,0.9207758371128052
ACC4431,0.5841937662838946
ACC4432,0.4691691595097945
ACC4433,0.5856412235839042
ACC4434,0.5562095918170414
ACC4435,0.9940171764932935
ACC4436,0.2997201582553315
ACC4437,0.5380681269902537
ACC4438,0.8105760880054038
ACC4439,0.27549937276850334
ACC4440,0.8069091961787127
ACC4441,0.12496381356749976
ACC4442,0.8192608318054617
ACC4443,0.5982823506706552
ACC4444,0.22908424201486055
ACC4445,0.26681462896844543
ACC4446,0.3855061275692367
ACC4447,0.5628678953970858
ACC4448,0.08395252340055968
ACC4449,0.2744379040818296
ACC4450,0.6697867412911319
ACC4451,0.16472064074109813
ACC4452,0.09871658786065811
ACC4453,0.6146868667374312
ACC4454,0.28321914503522144
ACC4455,0.13663996912091092
ACC4456,0.0190099392067934
ACC4457,0.0409147930136061
ACC4458,0.8118305509987456
ACC4459,0.7375277429315835
ACC4460,0.2924828717552832
ACC4461,0.1706069670944707
ACC4462,0.19675769564797838
ACC4463,0.5778249541638522
ACC4464,0.42748238926951654
ACC4465,0.36562771398243754
ACC4466,0.9773231689665155
ACC4467,0.028370163080189133
ACC4468,0.18990639776126605
ACC4469,0.7503618643250024
ACC4470,0.4739940171764933
ACC4471,0.9028273665926855
ACC4472,0.5162597703367751
ACC4473,0.1214899160474766
ACC4474,0.8414551770722764
ACC4475,0.23603203705490688
ACC4476,0.5328572807102191
ACC4477,0.6994113673646627
ACC4478,0.7352118112515681
ACC4479,0.12120042458747467
ACC4480,0.6315738685708772
ACC4481,0.6684357811444562
ACC4482,0.06011772652706745
ACC4483,0.780854964778539
ACC4484,0.05133648557367557
ACC4485,0.08105760880054039
ACC4486,0.7410016404516067
ACC4487,0.6966129499179774
ACC4488,0.5179002219434526
ACC4489,0.8475344977323169
ACC4490,0.01669400752677796
ACC4491,0.6767345363311782
ACC4492,0.8866158448325775
ACC4493,0.00048248576666988323
ACC4494,0.2007140789346714
ACC4495,0.7009553218180063
ACC4496,0.5915275499372769
ACC4497,0.9744282543664962
ACC4498,0.7814339476985429
ACC4499,0.6232751133841552
ACC4500,0.6943935153912959
ACC4501,0.8905722281192705
ACC4502,0.8047862588053653
ACC4503,0.8598861333590659
ACC4504,0.7823989192318827
ACC4505,0.010421692560069478
ACC4506,0.7627134999517514
ACC4507,0.5722281192704816
ACC4508,0.15709736562771398
ACC4509,0.9494354916529962
ACC4510,0.48335424104988906
ACC4511,0.553893660137026
ACC4512,0.8573772073723825
ACC4513,0.8193573289587958
ACC4514,0.8665444369391103
ACC4515,0.5325677892502171
ACC4516,0.6920775837112805
ACC4517,0.4533436263630223
ACC4518,0.19415227250796102
ACC4519,0.29045643153526973
ACC4520,0.842806137218952
ACC4521,0.048731062433658205
ACC4522,0.5652803242304352
ACC4523,0.8016983498986779
ACC4524,0.7255620959181704
ACC4525,0.5696226961304641
ACC4526,0.10894528611405964
ACC4527,0.6224066390041494
ACC4528,0.20158255331467723
ACC4529,0.9819550323265464
ACC4530,0.5171282447167809
ACC4531,0.5557271060503716
ACC4532,0.10026054231400174
ACC4533,0.19424876966129498
ACC4534,0.9775161632731835
ACC4535,0.8063302132587089
ACC4536,0.8367268165589115
ACC4537,0.7120524944514137
ACC4538,0.6189327414841262
ACC4539,0.3324326932355495
ACC4540,0.6780854964778539
ACC4541,0.01958892212679726
ACC4542,0.4515101804496767
ACC4543,0.8168484029721124
ACC4544,0.20717938820804785
ACC4545,0.6122744379040819
ACC4546,0.8438676059056258
ACC4547,0.3711280517224742
ACC4548,0.42709640065618065
ACC4549,0.41744668532278295
ACC4550,0.8351828621055679
ACC4551,0.22667181318151114
ACC4552,0.768599826305124
ACC4553,0.4996622599633311
ACC4554,0.565762809997105
ACC4555,0.549840779696999
ACC4556,0.3629257936890862
ACC4557,0.12882369970085883
ACC4558,0.9675769564797838
ACC4559,0.7124384830647496
ACC4560,0.698446395831323
ACC4561,0.45768599826305123
ACC4562,0.06272314966708482
ACC4563,0.0380198784135868
ACC4564,0.41677120524944516
ACC4565,0.1599922802277333
ACC4566,0.6644793978577632
ACC4567,0.07632924828717552
ACC4568,0.48132780082987553
ACC4569,0.5036186432500241
ACC4570,0.24240084917494933
ACC4571,0.6336003087908907
ACC4572,0.14484222715429895
ACC4573,0.15429894818102866
ACC4574,0.13191160860754608
ACC4575,0.9370838560262472
ACC4576,0.4782398919231883
ACC4577,0.632056354337547
ACC4578,0.9733667856798225
ACC4579,0.099199073627328
ACC4580,0.4829682524365531
ACC4581,0.7348258226382322
ACC4582,0.7342468397182284
ACC4583,0.36823313712245487
ACC4584,0.4769854289298466
ACC4585,0.15449194248769663
ACC4586,0.20293351346135288
ACC4587,0.322300492135482
ACC4588,0.814049985525427
ACC4589,0.18787995754125253
ACC4590,0.504197626170028
ACC4591,0.7796005017851974
ACC4592,0.9897713017465984
ACC4593,0.1698349898677989
ACC4594,0.4604844157097366
ACC4595,0.5230145710701535
ACC4596,0.02875615169352504
ACC4597,0.6873492231979157
ACC4598,0.8669304255524461
ACC4599,0.8496574351056644
ACC4600,0.15516742256103444
ACC4601,0.4149377593360996
ACC4602,0.6587860658110586
ACC4603,0.8768696323458458
ACC4604,0.6386181607642575
ACC4605,0.039081347100260545
ACC4606,0.8831419473125542
ACC4607,0.05027501688700183
ACC4608,0.5974138762906495
ACC4609,0.38811155070925407
ACC4610,0.4888545787899257
ACC4611,0.6955514812313037
ACC4612,0.8998359548393322
ACC4613,0.5360416867702403
ACC4614,0.5064170606967094
ACC4615,0.7345363311782303
ACC4616,0.3323361960822156
ACC4617,0.4982148026633214
ACC4618,0.06185467528707903
ACC4619,0.7223776898581492
ACC4620,0.11164720640741098
ACC4621,0.367557657049117
ACC4622,0.7490109041783267
ACC4623,0.03917784425359452
ACC4624,0.958409726913056
ACC4625,0.7443790408182959
ACC4626,0.8515873781723439
ACC4627,0.4592299527163949
ACC4628,0.19531023834796873
ACC4629,0.7386857087715912
ACC4630,0.8489819550323265
ACC4631,0.9806040721798707
ACC4632,0.18816944900125446
ACC4633,0.190099392067934
ACC4634,0.6105374891440702
ACC4635,0.3974717745826498
ACC4636,0.7540287561516935
ACC4637,0.7097365627713983
ACC4638,0.7198687638714658
ACC4639,0.268744572035125
ACC4640,0.0009649715333397665
ACC4641,0.41136736466274243
ACC4642,0.15101804496767346
ACC4643,0.16163273183441088
ACC4644,0.23873395734825822
ACC4645,0.9870693814532471
ACC4646,0.6969989385313133
ACC4647,0.5196371707034643
ACC4648,0.21480266332143202
ACC4649,0.8891247708192608
ACC4650,0.574737045257165
ACC4651,0.22136446974814242
ACC4652,0.0045353662066969025
ACC4653,0.7021132876580141
ACC4654,0.9104506417060697
ACC4655,0.8564122358390428
ACC4656,0.52899739457686
ACC4657,0.7350188169449001
ACC4658,0.1513075364276754
ACC4659,0.14349126700762327
ACC4660,0.8701148316124674
ACC4661,0.15545691402103637
ACC4662,0.15458843964103058
ACC4663,0.7733281868184888
ACC4664,0.9608221557464055
ACC4665,0.39110296246260734
ACC4666,0.846762520505645
ACC4667,0.6975779214513171
ACC4668,0.7526777960050178
ACC4669,0.9694104023931294
ACC4670,0.47872237768985815
ACC4671,0.30058863263533725
ACC4672,0.027308694393515392
ACC4673,0.8897037537392647
ACC4674,0.9454791083663032
ACC4675,0.13075364276753837
ACC4676,0.4276753835761845
ACC4677,0.48364373250989096
ACC4678,0.4565280324230435
ACC4679,0.5740615651838271
ACC4680,0.4263244234295088
ACC4681,0.5120138955900801
ACC4682,0.30396603300202646
ACC4683,0.06880247032712535
ACC4684,0.46723921644311495
ACC4685,0.7755476213451703
ACC4686,0.14030686094760206
ACC4687,0.19270481520795135
ACC4688,0.9909292675866062
ACC4689,0.3325291903888835
ACC4690,0.3437228601756248
ACC4691,0.8696323458457975
ACC4692,0.442149956576281
ACC4693,0.016597510373443983
ACC4694,0.628196468204188
ACC4695,0.09572517610730484
ACC4696,0.7049117051046994
ACC4697,0.009360223873395735
ACC4698,0.9892888159799286
ACC4699,0.809804110778732
ACC4700,0.003570394673357136
ACC4701,0.8980025089259867
ACC4702,0.7673453633117823
ACC4703,0.2422078548682814
ACC4704,0.45064170606967097
ACC4705,0.9063977612660427
ACC4706,0.08675094084724501
ACC4707,0.13905239795426036
ACC4708,0.9191353855061276
ACC4709,0.5433754704236226
ACC4710,0.5303483547235357
ACC4711,0.5766669883238444
ACC4712,0.5129788671234199
ACC4713,0.17465984753449773
ACC4714,0.7636784714850912
ACC4715,0.6410305895976068
ACC4716,0.7738106725851588
ACC4717,0.1970471871079803
ACC4718,0.644697481424298
ACC4719,0.5774389655505162
ACC4720,0.07594325967383962
ACC4721,0.677603010711184
ACC4722,0.17909871658786067
ACC4723,0.3517321239023449
ACC4724,0.04921354820032809
ACC4725,0.3725755090224838
ACC4726,0.7911801601852745
ACC4727,0.022676831033484512
ACC4728,0.5445334362636303
ACC4729,0.4376145903695841
ACC4730,0.7359837884782399
ACC4731,0.632442342950883
ACC4732,0.40191064363601275
ACC4733,0.396699797355978
ACC4734,0.6673743124577824
ACC4735,0.479204863456528
ACC4736,0.14464923284763098
ACC4737,0.34845122068898965
ACC4738,0.6288719482775258
ACC4739,0.7586606195117244
ACC4740,0.9353469072662356
ACC4741,0.9944996622599633
ACC4742,0.11309466370742063
ACC4743,0.32558139534883723
ACC4744,0.5485863167036572
ACC4745,0.582456817523883
ACC4746,0.007719772266718132
ACC4747,0.3503811637556692
ACC4748,0.9482775258129885
ACC4749,0.8818874843192126
ACC4750,0.14609669014764065
ACC4751,0.15632538840104218
ACC4752,0.07961015150053073
ACC4753,0.879957541252533
ACC4754,0.8721412718324809
ACC4755,0.35954839332239696
ACC4756,0.29904467818199365
ACC4757,0.500048248576667
ACC4758,0.12969217408086461
ACC4759,0.2251278587281675
ACC4760,0.5721316221171475
ACC4761,0.7047187107980315
ACC4762,0.6359162404709061
ACC4763,0.46733571359644893
ACC4764,0.20804786258805366
ACC4765,0.5543761459036959
ACC4766,0.9492424973463283
ACC4767,0.2698060407217987
ACC4768,0.6830068512978867
ACC4769,0.991701244813278
ACC4770,0.9382418218662549
ACC4771,0.8255331467721703
ACC4772,0.425648943356171
ACC4773,0.5654733185371031
ACC4774,0.7619415227250796
ACC4775,0.8532278297790216
ACC4776,0.5916240470906108
ACC4777,0.8763871465791759
ACC4778,0.19888063302132586
ACC4779,0.38087426420920584
ACC4780,0.29923767248866157
ACC4781,0.7649329344784329
ACC4782,0.8848788960725659
ACC4783,0.7630029914117533
ACC4784,0.7099295570780662
ACC4785,0.4883720930232558
ACC4786,0.9868763871465792
ACC4787,0.3144842227154299
ACC4788,0.6894721605712631
ACC4789,0.9906397761266043
ACC4790,0.0020264402200135096
ACC4791,0.8221557464054811
ACC4792,0.08125060310720834
ACC4793,0.7989964296053267
ACC4794,0.6601370259577343
ACC4795,0.005307343433368716
ACC4796,0.7779600501785198
ACC4797,0.40606002122937374
ACC4798,0.8896072565859308
ACC4799,0.2746308983884975
ACC4800,0.15063205635433755
ACC4801,0.7363697770915758
ACC4802,0.714657917591431
ACC4803,0.6426710412042844
ACC4804,0.6595580430377304
ACC4805,0.1310431342275403
ACC4806,0.0851104892405674
ACC4807,0.8769661294991797
ACC4808,0.26276174852841844
ACC4809,0.3020360899353469
ACC4810,0.8700183344591335
ACC4811,0.3248094181221654
ACC4812,0.7376242400849174
ACC4813,0.7967769950786452
ACC4814,0.6589790601177266
ACC4815,0.12670076232751135
ACC4816,0.6332143201775547
ACC4817,0.929750072372865
ACC4818,0.9633310817330889
ACC4819,0.49319695068995467
ACC4820,0.31670365724211136
ACC4821,0.8507189037923382
ACC4822,0.46366882176975777
ACC4823,0.839042748238927
ACC4824,0.5961594132973077
ACC4825,0.8146289684454309
ACC4826,0.0677410016404516
ACC4827,0.5852552349705684
ACC4828,0.4689761652031265
ACC4829,0.18006368812120044
ACC4830,0.8999324519926662
ACC4831,0.6059056257840394
ACC4832,0.884396410305896
ACC4833,0.516452764643443
ACC4834,0.8567017272990447
ACC4835,0.5159702788767732
ACC4836,0.7004728360513365
ACC4837,0.8829489530058863
ACC4838,0.9679629450931198
ACC4839,0.9357328958795715
ACC4840,0.9397857763195986
ACC4841,0.7845218566052301
ACC4842,0.7812409533918749
ACC4843,0.09167229566727782
ACC4844,0.18546752870790312
ACC4845,0.6391971436842613
ACC4846,0.037054906880247034
ACC4847,0.4780468976165203
ACC4848,0.1785197336678568
ACC4849,0.239602431728264
ACC4850,0.4347196757695648
ACC4851,1.0
ACC4852,0.6971919328379813
ACC4853,0.14706166168098042
ACC4854,0.30319405577535463
ACC4855,0.5097944610633987
ACC4856,0.2702885264884686
ACC4857,0.12380584772749204
ACC4858,0.35202161536234683
ACC4859,0.12467432210749783
ACC4860,0.11492810962076619
ACC4861,0.8023738299720158
ACC4862,0.9756827173598379
ACC4863,0.5383576184502558
ACC4864,0.45932644986972887
ACC4865,0.39930522049599537
ACC4866,0.24732220399498214
ACC4867,0.7325098909582167
ACC4868,0.9497249831129981
ACC4869,0.8409726913056065
ACC4870,0.3259673839621731
ACC4871,0.4744765029431632
ACC4872,0.4305702981762038
ACC4873,0.6135289008974235
ACC4874,0.7907941715719387
ACC4875,0.7121489916047476
ACC4876,0.537296149763582
ACC4877,0.694200521084628
ACC4878,0.9760687059731737
ACC4879,0.6708482099778057
ACC4880,0.3161246743221075
ACC4881,0.8029528128920197
ACC4882,0.2861140596352408
ACC4883,0.5647013413104314
ACC4884,0.032133552060214225
ACC4885,0.24191836340827946
ACC4886,0.8625880536524173
ACC4887,0.2045739650680305
ACC4888,0.6144938724307633
ACC4889,0.9805075750265367
ACC4890,0.8275595869921837
ACC4891,0.276946830068513
ACC4892,0.5936504873106243
ACC4893,0.11386664093409245
ACC4894,0.7749686384251665
ACC4895,0.2594808453150632
ACC4896,0.14107883817427386
ACC4897,0.533050275016887
ACC4898,0.8872913249059152
ACC4899,0.07796969989385313
ACC4900,0.15034256489433562
ACC4901,0.9975875711666505
ACC4902,0.8623950593457493
ACC4903,0.9779986490398533
ACC4904,0.8917301939592782
ACC4905,0.5134613528900898
ACC4906,0.7166843578114446
ACC4907,0.011290166940075268
ACC4908,0.03850236418025668
ACC4909,0.2699025378751327
ACC4910,0.9935346907266236
ACC4911,0.7637749686384252
ACC4912,0.7299044678181994
ACC4913,0.5381646241435878
ACC4914,0.6795329537778636
ACC4915,0.42719289780951464
ACC4916,0.3339766476888932
ACC4917,0.516549261796777
ACC4918,0.4313422754028756
ACC4919,0.8353758564122359
ACC4920,0.5638328669304256
ACC4921,0.8500434237190003
ACC4922,0.9730772942198205
ACC4923,0.3627327993824182
ACC4924,0.06831998456045546
ACC4925,0.6017562481906784
ACC4926,0.4809418122165396
ACC4927,0.9166264595194442
ACC4928,0.49724983112998167
ACC4929,0.7732316896651549
ACC4930,0.39698928881597995
ACC4931,0.6455659558043038
ACC4932,0.5865096979639101
ACC4933,0.867605905625784
ACC4934,0.07459229952716395
ACC4935,0.3404419569622696
ACC4936,0.656952619897713
ACC4937,0.8570877159123805
ACC4938,0.3557850043423719
ACC4939,0.4070249927627135
ACC4940,0.5145228215767634
ACC4941,0.7358872913249059
ACC4942,0.3665926855157773
ACC4943,0.3072469362153816
ACC4944,0.049696033966997975
ACC4945,0.3750844350091672
ACC4946,0.08646144938724308
ACC4947,0.6521277622310142
ACC4948,0.3459422947023063
ACC4949,0.5964489047573096
ACC4950,0.7548972305316993
ACC4951,0.7612660426517418
ACC4952,0.1843095628678954
ACC4953,0.3213355206021422
ACC4954,0.07642574544050951
ACC4955,0.4941619222232944
ACC4956,0.7794075074785294
ACC4957,0.8714657917591431
ACC4958,0.6761555534111744
ACC4959,0.030107111840200713
ACC4960,0.22570684164817137
ACC4961,0.7707227636784715
ACC4962,0.7722667181318151
ACC4963,0.549261796776995
ACC4964,0.6839718228312265
ACC4965,0.6050371514040336
ACC4966,0.9700858824664672
ACC4967,0.5043906204766959
ACC4968,0.48287175528321913
ACC4969,0.18855543761459037
ACC4970,0.7487214127183248
ACC4971,0.8298755186721992
ACC4972,0.367654154202451
ACC4973,0.9938241821866255
ACC4974,0.9467335713596449
ACC4975,0.12158641320081058
ACC4976,0.8077776705587185
ACC4977,0.7805654733185371
ACC4978,0.008009263726720062
ACC4979,0.8622020650390814
ACC4980,0.28099971050854
ACC4981,0.603203705490688
ACC4982,0.7034642478046897
ACC4983,0.4103058959760687
ACC4984,0.8485959664189906
ACC4985,0.37711087522918074
ACC4986,0.3322396989288816
ACC4987,0.6878317089645856
ACC4988,0.9014764064460098
ACC4989,0.7390716973849272
ACC4990,0.21181125156807873
ACC4991,0.9678664479397858
ACC4992,0.7259480845315063
ACC4993,0.22918073916819454
ACC4994,0.9164334652127762
ACC4995,0.6850332915179003
ACC4996,0.7123419859114156
ACC4997,0.8208047862588054
ACC4998,0.6721991701244814
ACC4999,0.16172922898774486
ACC5000,0.5693332046704622
ACC5001,0.13210460291421403
ACC5002,0.42149956576281
ACC5003,0.3756634179291711
ACC5004,0.27926276174852843
ACC5005,0.6005982823506707
ACC5006,0.8919231882659462
ACC5007,0.07382032230049214
ACC5008,0.7982244523786548
ACC5009,0.16346617774775643
ACC5010,0.04216925600694779
ACC5011,0.7769950786451799
ACC5012,0.838753256778925
ACC5013,0.946058091286307
ACC5014,0.23410209398822734
ACC5015,0.9457685998263051
ACC5016,0.17205442439448038
ACC5017,0.7203512496381357
ACC5018,0.813760494065425
ACC5019,0.14281578693428543
ACC5020,0.8350863649522339
ACC5021,0.31718614300878123
ACC5022,0.9348644214995657
ACC5023,0.495898870983306
ACC5024,0.3127472739554183
ACC5025,0.7523883045450159
ACC5026,0.13249059152754994
ACC5027,0.08356653478722377
ACC5028,0.4582649811830551
ACC5029,0.5077680208433851
ACC5030,0.512592878510084
ACC5031,0.5277429315835183
ACC5032,0.09418122165396121
ACC5033,0.5777284570105182
ACC5034,0.2136446974814243
ACC5035,0.6826208626845508
ACC5036,0.1536234681076908
ACC5037,0.6590755572710605
ACC5038,0.810190099392068
ACC5039,0.44224645372961496
ACC5040,0.5888256296439255
ACC5041,0.5564025861237093
ACC5042,0.9003184406060021
ACC5043,0.7990929267586606
ACC5044,0.8690533629257937
ACC5045,0.9318730097462125
ACC5046,0.8932741484126219
ACC5047,0.814146482678761
ACC5048,0.36697867412911317
ACC5049,0.39438386567596256
ACC5050,0.8821769757792145
ACC5051,0.6993148702113288
ACC5052,0.8410691884589404
ACC5053,0.905046801119367
ACC5054,0.6621634661777478
ACC5055,0.026633214320177553
ACC5056,0.756055196371707
ACC5057,0.0805751230338705
ACC5058,0.17002798417446685
ACC5059,0.9228987744861527
ACC5060,0.603589694104024
ACC5061,0.3812602528225417
ACC5062,0.6719096786644794
ACC5063,0.08771591238058478
ACC5064,0.23921644311492812
ACC5065,0.9786741291131912
ACC5066,0.011097172633407315
ACC5067,0.408954935829393
ACC5068,0.1768792820611792
ACC5069,0.7084820997780565
ACC5070,0.18112515680787417
ACC5071,0.8559297500723728
ACC5072,0.5400945672102673
ACC5073,0.764353951558429
ACC5074,0.12322686480748818
ACC5075,0.16385216636109234
ACC5076,0.40934092444272896
ACC5077,0.7111840200714079
ACC5078,0.826305123998842
ACC5079,0.4353951558429026
ACC5080,0.6867702402779118
ACC5081,0.5923960243172827
ACC5082,0.38705008202258034
ACC5083,0.16105374891440702
ACC5084,0.5258129885168388
ACC5085,0.9029238637460195
ACC5086,0.5030396603300202
ACC5087,0.9594711955997298
ACC5088,0.363794268069092
ACC5089,0.7817234391585448
ACC5090,0.512399884203416
ACC5091,0.9576377496863843
ACC5092,0.9376628389462511
ACC5093,0.9402682620862685
ACC5094,0.08038212872720255
ACC5095,0.6170027984174467
ACC5096,0.495802373829972
ACC5097,0.37170703464247806
ACC5098,0.33860851104892403
ACC5099,0.8510083952523401
ACC5100,0.7887677313519251
ACC5101,0.4260349319695069
ACC5102,0.33291517900221945
ACC5103,0.838656759625591
ACC5104,0.5451124191836341
ACC5105,0.789057222811927
ACC5106,0.9433561709929557
ACC5107,0.4920389848499469
ACC5108,0.9204863456528033
ACC5109,0.4821962752098813
ACC5110,0.9879378558332529
ACC5111,0.8277525812988517
ACC5112,0.18276560841455178
ACC5113,0.06600405288044003
ACC5114,0.10392743414069285
ACC5115,0.49493389944996624
ACC5116,0.6222136446974814
ACC5117,0.9648750361864326
ACC5118,0.8528418411656856
ACC5119,0.40480555823603204
ACC5120,0.9019588922126798
ACC5121,0.3041590273086944
ACC5122,0.8305509987455371
ACC5123,0.6745151018044968
ACC5124,0.7017272990446782
ACC5125,0.6854192801312361
ACC5126,0.7091575798513944
ACC5127,0.9704718710798032
ACC5128,0.17408086461449387
ACC5129,0.9112226189327415
ACC5130,0.44726430570298176
ACC5131,0.8723342661391489
ACC5132,0.4025861237093506
ACC5133,0.15217601080768117
ACC5134,0.7307729421982051
ACC5135,0.9178809225127859
ACC5136,0.6675673067644504
ACC5137,0.793399594711956
ACC5138,0.7534497732316897
ACC5139,0.665058380777767
ACC5140,0.6047476599440317
ACC5141,0.23738299720158254
ACC5142,0.03435298658689569
ACC5143,0.6421885554376145
ACC5144,0.019685419280131237
ACC5145,0.24153237479494355
ACC5146,0.520795136543472
ACC5147,0.872237768985815
ACC5148,0.9961401138666409
ACC5149,0.669690244137798
ACC5150,0.8262086268455081
ACC5151,0.051046994113673645
ACC5152,0.8482099778056548
ACC5153,0.6661198494644408
ACC5154,0.3442053459422947
ACC5155,0.23661101997491074
ACC5156,0.047380102286982535
ACC5157,0.48123130367654154
ACC5158,0.8315159702788768
ACC5159,0.12699025378751327
ACC5160,0.03522146096690148
ACC5161,0.6499083277043327
ACC5162,0.9723053169931487
ACC5163,0.15883431438772555
ACC5164,0.4895300588632635
ACC5165,0.950207468879668
ACC5166,0.6703657242111357
ACC5167,0.23149667084821
ACC5168,0.08298755186721991
ACC5169,0.46627424490977515
ACC5170,0.1355785004342372
ACC5171,0.7185178037247901
ACC5172,0.1904853806812699
ACC5173,0.16896651548779312
ACC5174,0.5008202258033388
ACC5175,0.8983884975393226
ACC5176,0.9948856508732993
ACC5177,0.4516066776030107
ACC5178,0.785293833831902
ACC5179,0.1710894528611406
ACC5180,0.2115217601080768
ACC5181,0.669304255524462
ACC5182,0.4970568368233137
ACC5183,0.5011097172633407
ACC5184,0.12129692174080865
ACC5185,0.1739843674611599
ACC5186,0.6585930715043906
ACC5187,0.6918845894046126
ACC5188,0.351249638135675
ACC5189,0.7485284184116568
ACC5190,0.5837112805172248
ACC5191,0.1309466370742063
ACC5192,0.2252243558815015
ACC5193,0.4683006851297887
ACC5194,0.07546077390716974
ACC5195,0.884299913152562
ACC5196,0.8775451124191836
ACC5197,0.4292193380295281
ACC5198,0.9246357232461643
ACC5199,0.06581105857377208
ACC5200,0.06619704718710798
ACC5201,0.6172922898774487
ACC5202,0.7365627713982438
ACC5203,0.10093602238733958
ACC5204,0.698253401524655
ACC5205,0.8778346038791855
ACC5206,0.5107594325967384
ACC5207,0.1566148798610441
ACC5208,0.03753739264691692
ACC5209,0.06793399594711956
ACC5210,0.3410209398822735
ACC5211,0.37247901186914983
ACC5212,0.6502943163176687
ACC5213,0.7103155456914021
ACC5214,0.9192318826594615
ACC5215,0.5378751326835859
ACC5216,0.40055968348933707
ACC5217,0.04660812506031072
ACC5218,0.12245488758081637
ACC5219,0.9904467818199363
ACC5220,0.24693621538164623
ACC5221,0.8867123419859114
ACC5222,0.08462800347389753
ACC5223,0.6118884492907459
ACC5224,0.8953970857859693
ACC5225,0.0988130850139921
ACC5226,0.2281192704815208
ACC5227,0.702885264884686
ACC5228,0.4154202451027695
ACC5229,0.07237286500048248
ACC5230,0.6749010904178326
ACC5231,0.6668918266911126
ACC5232,0.7660909003184406
ACC5233,0.5335327607835569
ACC5234,0.8809225127858729
ACC5235,0.38714657917591433
ACC5236,0.933899449966226
ACC5237,0.6291614397375277
ACC5238,0.36205731930908036
ACC5239,0.7980314580719868
ACC5240,0.9432596738396217
ACC5241,0.7327993824182186
ACC5242,0.0963041590273087
ACC5243,0.2446202837016308
ACC5244,0.11898099006079321
ACC5245,0.15719386278104797
ACC5246,0.12042844736080285
ACC5247,0.582263823217215
ACC5248,0.32210749782881404
ACC5249,0.40432307246936217
ACC5250,0.19241532374794942
ACC5251,0.6284859596641899
ACC5252,0.05259094856701727
ACC5253,0.12940268262086269
ACC5254,0.9251182090128341
ACC5255,0.03628292965357522
ACC5256,0.8824664672392164
ACC5257,0.6230821190774872
ACC5258,0.49030203608993533
ACC5259,0.6704622213644698
ACC5260,0.5655698156904372
ACC5261,0.5015922030300106
ACC5262,0.8912477081926083
ACC5263,0.4194731255427965
ACC5264,0.39312940268262087
ACC5265,0.7856798224452378
ACC5266,0.8154974428254367
ACC5267,0.023738299720158257
ACC5268,0.9377593360995851
ACC5269,0.8708868088391393
ACC5270,0.1500530734343337
ACC5271,0.6632249348644215
ACC5272,0.07883817427385892
ACC5273,0.017369487600115797
ACC5274,0.15275499372768503
ACC5275,0.22165396120814437
ACC5276,0.11560358969410403
ACC5277,0.9943066679532954
ACC5278,0.28408761941522725
ACC5279,0.4810383093698736
ACC5280,0.15729035993438192
ACC5281,0.23863746019492424
ACC5282,0.5147158158834314
ACC5283,0.309948856508733
ACC5284,0.7524848016983499
ACC5285,0.40683199845604556
ACC5286,0.49107401331660716
ACC5287,0.6366882176975779
ACC5288,0.6532857280710219
ACC5289,0.5139438386567596
ACC5290,0.30309755862202065
ACC5291,0.32316896651548777
ACC5292,0.31844060600212293
ACC5293,0.7474669497249831
ACC5294,0.5772459712438484
ACC5295,0.17292289877448616
ACC5296,0.5830358004438869
ACC5297,0.3989192318826595
ACC5298,0.05770529769371804
ACC5299,0.2151886519347679
ACC5300,0.5920100357039467
ACC5301,0.7599150825050661
ACC5302,0.256103444948374
ACC5303,0.3638907652224259
ACC5304,0.7032712534980218
ACC5305,0.12834121393418893
ACC5306,0.21393418894142624
ACC5307,0.9942101707999614
ACC5308,0.34951268937566343
ACC5309,0.9697963910064653
ACC5310,0.19434526681462896
ACC5311,0.06889896748045933
ACC5312,0.7217022097848114
ACC5313,0.9645855447264305
ACC5314,0.45015922030300104
ACC5315,0.44118498504294124
ACC5316,0.7289394962848595
ACC5317,0.991411753353276
ACC5318,0.3524076039756827
ACC5319,0.8497539322589983
ACC5320,0.3065714561420438
ACC5321,0.8694393515391295
ACC5322,0.9827270095532182
ACC5323,0.7591431052783942
ACC5324,0.5353662066969025
ACC5325,0.027501688700183345
ACC5326,0.31467721702209783
ACC5327,0.14831612467432212
ACC5328,0.7807584676252051
ACC5329,0.046511627906976744
ACC5330,0.8005403840586702
ACC5331,0.23699700858824665
ACC5332,0.5900800926372672
ACC5333,0.8890282736659268
ACC5334,0.5006272314966709
ACC5335,0.004921354820032809
ACC5336,0.095049696033967
ACC5337,0.9484705201196565
ACC5338,0.32915179002219436
ACC5339,0.6347582746308984
ACC5340,0.9599536813663997
ACC5341,0.1095242690340635
ACC5342,0.4198591141561324
ACC5343,0.5475248480169835
ACC5344,0.6006947795040046
ACC5345,0.9229952716394866
ACC5346,0.5471388594036476
ACC5347,0.8686673743124578
ACC5348,0.8292000385988614
ACC5349,0.12448132780082988
ACC5350,0.818295860272122
ACC5351,0.03174756344687832
ACC5352,0.18035317958120237
ACC5353,0.227250796101515
ACC5354,0.3949628485959664
ACC5355,0.5584290263437228
ACC5356,0.13278008298755187
ACC5357,0.16915950979446107
ACC5358,0.3238444465888256
ACC5359,0.1792917108945286
ACC5360,0.29161439737527745
ACC5361,0.7136929460580913
ACC5362,0.3753739264691692
ACC5363,0.8360513364855737
ACC5364,0.6533822252243559
ACC5365,0.3599343819357329
ACC5366,0.15603589694104025
ACC5367,0.9902537875132683
ACC5368,0.6743221074978288
ACC5369,0.280903213355206
ACC5370,0.21924153237479493
ACC5371,0.285149088101901
ACC5372,0.09389173019395927
ACC5373,0.9521374119463476
ACC5374,0.24655022676831034
ACC5375,0.7450545208916337
ACC5376,0.3424683971822831
ACC5377,0.8421306571456142
ACC5378,0.17494933899449966
ACC5379,0.5467528707903117
ACC5380,0.22329441281482196
ACC5381,0.02885264884685902
ACC5382,0.33156421885554377
ACC5383,0.5294798803435299
ACC5384,0.1305606484608704
ACC5385,0.42970182379619803
ACC5386,0.8548682813856991
ACC5387,0.7536427675383576
ACC5388,0.5239795426034932
ACC5389,0.9923767248866159
ACC5390,0.9676734536331179
ACC5391,0.450545208916337
ACC5392,0.8991604747659944
ACC5393,0.7646434430184309
ACC5394,0.1756248190678375
ACC5395,0.611791952137412
ACC5396,0.5591045064170607
ACC5397,0.22039949821480267
ACC5398,0.16887001833445914
ACC5399,0.4474573000096497
ACC5400,0.4004631863360031
ACC5401,0.30676445044871176
ACC5402,0.8534208240856894
ACC5403,0.7455370066583036
ACC5404,0.01804496767345363
ACC5405,0.46752870790311685
ACC5406,0.689954646337933
ACC5407,0.4630898388497539
ACC5408,0.31216829103541444
ACC5409,0.14976358197433176
ACC5410,0.7869342854385796
ACC5411,0.3999807005693332
ACC5412,0.8571842130657146
ACC5413,0.8847823989192318
ACC5414,0.47756441184985043
ACC5415,0.6564701341310432
ACC5416,0.5488758081636592
ACC5417,0.28157869342854386
ACC5418,0.2164431149281096
ACC5419,0.49898677988999324
ACC5420,0.43095628678953973
ACC5421,0.21933802952812892
ACC5422,0.5140403358100936
ACC5423,0.417350188169449
ACC5424,0.9571552639197144
ACC5425,0.4945479108366303
ACC5426,0.9279166264595194
ACC5427,0.4186046511627907
ACC5428,0.780661970471871
ACC5429,0.751809321625012
ACC5430,0.7656084145517708
ACC5431,0.7761266042651742
ACC5432,0.24510276946830067
ACC5433,0.6610055003377401
ACC5434,0.4327897327028853
ACC5435,0.15381646241435878
ACC5436,0.9734632828331564
ACC5437,0.7838463765318923
ACC5438,0.9945961594132973
ACC5439,0.5518672199170125
ACC5440,0.4743800057898292
ACC5441,0.8198398147254656
ACC5442,0.22840876194152274
ACC5443,0.7302904564315352
ACC5444,0.9231882659461546
ACC5445,0.6666023352311107
ACC5446,0.9285921065328573
ACC5447,0.5126893756634179
ACC5448,0.01872044774679147
ACC5449,0.9386278104795909
ACC5450,0.6471099102576474
ACC5451,0.08173308887387822
ACC5452,0.7382997201582553
ACC5453,0.37093505741580624
ACC5454,0.02132587088680884
ACC5455,0.4706166168098041
ACC5456,0.768696323458458
ACC5457,0.16867702402779117
ACC5458,0.28900897423526006
ACC5459,0.08433851201389558
ACC5460,0.049889028273665925
ACC5461,0.40837595290938916
ACC5462,0.24934864421499567
ACC5463,0.5300588632635337
ACC5464,0.7222811927048152
ACC5465,0.7696612949917977
ACC5466,0.02045739650680305
ACC5467,0.2127762231014185
ACC5468,0.6064846087040432
ACC5469,0.5670172729904468
ACC5470,0.5199266621634662
ACC5471,0.7537392646916916
ACC5472,0.9108366303194055
ACC5473,0.5435684647302904
ACC5474,0.4495802373829972
ACC5475,0.9804110778732027
ACC5476,0.8810190099392068
ACC5477,0.38454115603589695
ACC5478,0.3289587957155264
ACC5479,0.9450931197529673
ACC5480,0.28399112226189327
ACC5481,0.19116086075460773
ACC5482,0.21953102383479686
ACC5483,0.6029142140306861
ACC5484,0.04583614783363891
ACC5485,0.6466274244909775
ACC5486,0.1668435781144456
ACC5487,0.9351539129595677
ACC5488,0.3942873685226286
ACC5489,0.5526391971436843
ACC5490,0.5009167229566728
ACC5491,0.43983402489626555
ACC5492,0.37952330406253015
ACC5493,0.8942391199459616
ACC5494,0.6251085592975008
ACC5495,0.6339862974042266
ACC5496,0.818102865965454
ACC5497,0.39332239698928884
ACC5498,0.018816944900125445
ACC5499,0.5184792048634566
ACC5500,0.5219531023834797
ACC5501,0.0793206600405288
ACC5502,0.6060021229373733
ACC5503,0.6999903502846666
ACC5504,0.4570105181897134
ACC5505,0.5897906011772652
ACC5506,0.070249927627135
ACC5507,0.8987744861526585
ACC5508,0.16587860658110587
ACC5509,0.33957348258226383
ACC5510,0.9585062240663901
ACC5511,0.17137894432114253
ACC5512,0.7576956479783846
ACC5513,0.1685805268744572
ACC5514,0.8423236514522822
ACC5515,0.09205828428061372
ACC5516,0.8398147254655988
ACC5517,0.561806426710412
ACC5518,0.8776416095725176
ACC5519,0.2342950882948953
ACC5520,0.45643153526970953
ACC5521,0.7563446878317089
ACC5522,0.7453440123516356
ACC5523,0.4894335617099296
ACC5524,0.30068512978867123
ACC5525,0.7134034545980894
ACC5526,0.3239409437421596
ACC5527,0.41928013123612856
ACC5528,0.35192511820901284
ACC5529,0.10045353662066969
ACC5530,0.19289780951461932
ACC5531,0.37624240084917493
ACC5532,0.9113191160860754
ACC5533,0.22705780179484705
ACC5534,0.8289105471388594
ACC5535,0.6811734053845412
ACC5536,0.7130174659847535
ACC5537,0.3074399305220496
ACC5538,0.1751423333011676
ACC5539,0.18247611695454985
ACC5540,0.5429894818102866
ACC5541,0.06909196178712727
ACC5542,0.5646048441570973
ACC5543,0.28292965357521954
ACC5544,0.46849367943645664
ACC5545,0.8610440991990737
ACC5546,0.12004245874746695
ACC5547,0.9997105085399981
ACC5548,0.7683103348451221
ACC5549,0.21721509215478144
ACC5550,0.8807295184792049
ACC5551,0.15835182862105568
ACC5552,0.30550998745537006
ACC5553,0.5896941040239313
ACC5554,0.2720254752484802
ACC5555,0.2988516838753257
ACC5556,0.060503715140403355
ACC5557,0.3901379909292676
ACC5558,0.975200231593168
ACC5559,0.16462414358776417
ACC5560,0.27704332722184694
ACC5561,0.6020457396506803
ACC5562,0.39650680304931
ACC5563,0.5544726430570298
ACC5564,0.4953198880633021
ACC5565,0.03493196950689954
ACC5566,0.5344977323168967
ACC5567,0.723053169931487
ACC5568,0.2632442342950883
ACC5569,0.39187493968927917
ACC5570,0.08134710026054232
ACC5571,0.5513847341503426
ACC5572,0.7239216443114929
ACC5573,0.3461352890089742
ACC5574,0.9421982051529479
ACC5575,0.45488758081636593
ACC5576,0.15400945672102673
ACC5577,0.2799382418218663
ACC5578,0.04776609090031844
ACC5579,0.3914889510759433
ACC5580,0.520409147930136
ACC5581,0.3433368715622889
ACC5582,0.18440606002122936
ACC5583,0.6353372575509022
ACC5584,0.7250796101515006
ACC5585,0.7246936215381646
ACC5586,0.021808356653478723
ACC5587,0.6716201872044775
ACC5588,0.5273569429701824
ACC5589,0.9653575219531024
ACC5590,0.15227250796101516
ACC5591,0.7704332722184696
ACC5592,0.4868281385699122
ACC5593,0.1541059538743607
ACC5594,0.47235356556981567
ACC5595,0.5697191932837982
ACC5596,0.6500048248576668
ACC5597,0.433947698542893
ACC5598,0.7840393708385602
ACC5599,0.07343433368715623
ACC5600,0.536910161150246
ACC5601,0.28051722474187013
ACC5602,0.6816558911512111
ACC5603,0.9074592299527164
ACC5604,0.16481713789443211
ACC5605,0.673260638811155
ACC5606,0.6147833638907653
ACC5607,0.4901090417832674
ACC5608,0.867798899932452
ACC5609,0.32249348644215
ACC5610,0.8455080575123034
ACC5611,0.7963910064653092
ACC5612,0.008974235260059828
ACC5613,0.9932451992666216
ACC5614,0.20438097076136255
ACC5615,0.6744186046511628
ACC5616,0.9320660040528804
ACC5617,0.9015729035993438
ACC5618,0.21171475441474477
ACC5619,0.8970375373926469
ACC5620,0.7832673936118885
ACC5621,0.4967673453633118
ACC5622,0.3785583325291904
ACC5623,0.5194441763967963
ACC5624,0.9995175142333301
ACC5625,0.029238637460194925
ACC5626,0.599150825050661
ACC5627,0.9237672488661585
ACC5628,0.06783749879378559
ACC5629,0.53748914407025
ACC5630,0.5650873299237672
ACC5631,0.3190195889221268
ACC5632,0.7310624336582071
ACC5633,0.4139727878027598
ACC5634,0.7206407410981376
ACC5635,0.1441667470809611
ACC5636,0.4456238540963042
ACC5637,0.6748045932644987
ACC5638,0.529190388883528
ACC5639,0.9831129981665541
ACC5640,0.3327221846955515
ACC5641,0.9264691691595098
ACC5642,0.6523207565376822
ACC5643,0.8204187976454694
ACC5644,0.3082119077487214
ACC5645,0.09495319888063303
ACC5646,0.059345749300395635
ACC5647,0.2925793689086172
ACC5648,0.5848692463572325
ACC5649,0.1743703560744958
ACC5650,0.36331178230242206
ACC5651,0.0809611116472064
ACC5652,0.9489530058863264
ACC5653,0.1727299044678182
ACC5654,0.9210653285728071
ACC5655,0.07690823120717939
ACC5656,0.6424780468976166
ACC5657,0.8445430859789637
ACC5658,0.661101997491074
ACC5659,0.41850815400945673
ACC5660,0.03280903213355206
ACC5661,0.0011579658400077198
ACC5662,0.6730676445044871
ACC5663,0.6415130753642767
ACC5664,0.6133359065907555
ACC5665,0.12785872816751906
ACC5666,0.3887870307825919
ACC5667,0.620090707324134
ACC5668,0.07362732799382418
ACC5669,0.15642188555437614
ACC5670,0.7778635530251857
ACC5671,0.16674708096111165
ACC5672,0.06503908134710026
ACC5673,0.03830936987358873
ACC5674,0.17282640162115218
ACC5675,0.2743414069284956
ACC5676,0.2901669400752678
ACC5677,0.8320949531988806
ACC5678,0.9638135674997588
ACC5679,0.39197143684261315
ACC5680,0.4106918845894046
ACC5681,0.9263726720061758
ACC5682,0.7056836823313712
ACC5683,0.14493872430763294
ACC5684,0.6016597510373444
ACC5685,0.41204284473608027
ACC5686,0.010807681173405385
ACC5687,0.8089356363987262
ACC5688,0.3941908713692946
ACC5689,0.9708578596931391
ACC5690,0.6628389462510856
ACC5691,0.8121200424587475
ACC5692,0.7027887677313519
ACC5693,0.008105760880054038
ACC5694,0.22310141850815401
ACC5695,0.0586702692270578
ACC5696,0.12419183634082795
ACC5697,0.4405095049696034
ACC5698,0.5345942294702306
ACC5699,0.3917784425359452
ACC5700,0.16626459519444176
ACC5701,0.7952330406253015
ACC5702,0.38733957348258224
ACC5703,0.45517707227636783
ACC5704,0.6773135192511821
ACC5705,0.9666119849464441
ACC5706,0.48402972112322684
ACC5707,0.7720737238251472
ACC5708,0.16423815497442826
ACC5709,0.04110778732027405
ACC5710,0.7711087522918074
ACC5711,0.0132201100067548
ACC5712,0.7741966611984946
ACC5713,0.13403454598089357
ACC5714,0.11975296728746503
ACC5715,0.6685322782977902
ACC5716,0.46135289008974234
ACC5717,0.7305799478915372
ACC5718,0.14966708482099778
ACC5719,0.08231207179388209
ACC5720,0.3610923477757406
ACC5721,0.057994789153719965
ACC5722,0.32538840104216926
ACC5723,0.8103830936987358
ACC5724,0.8391392453922609
ACC5725,0.822252243558815
ACC5726,0.6721026729711473
ACC5727,0.6882176975779215
ACC5728,0.27501688700183347
ACC5729,0.6108269806040721
ACC5730,0.7742931583518287
ACC5731,0.23043520216153623
ACC5732,0.03666891826691113
ACC5733,0.4466853227829779
ACC5734,0.5068030493100454
ACC5735,0.3114928109620766
ACC5736,0.826691112612178
ACC5737,0.1499565762809997
ACC5738,0.0830840490205539
ACC5739,0.24645372961497636
ACC5740,0.6431535269709544
ACC5741,0.8813085013992087
ACC5742,0.756151693525041
ACC5743,0.08501399208723343
ACC5744,0.805365241725369
ACC5745,0.859307150439062
ACC5746,0.02219434526681463
ACC5747,0.5342082408568947
ACC5748,0.08404902055389366
ACC5749,0.2887194827752581
ACC5750,0.9889993245199267
ACC5751,0.054617388787030784
ACC5752,0.03541445527356943
ACC5753,0.5586220206503908
ACC5754,0.17948470520119655
ACC5755,0.1412718324809418
ACC5756,0.4499662259963331
ACC5757,0.5460773907169738
ACC5758,0.8231207179388208
ACC5759,0.17842323651452283
ACC5760,0.9373733474862491
ACC5761,0.07285535076715237
ACC5762,0.6158448325774389
ACC5763,0.38743607063591623
ACC5764,0.6090900318440606
ACC5765,0.8312264788188748
ACC5766,0.3640837595290939
ACC5767,0.7886712341985911
ACC5768,0.07671523690051144
ACC5769,0.31805461738878704
ACC5770,0.8269806040721799
ACC5771,0.8538068126990254
ACC5772,0.17224741870114832
ACC5773,0.12872720254752484
ACC5774,0.218952040914793
ACC5775,0.9857184213065715
ACC5776,0.31554569140210365
ACC5777,0.5362346810769082
ACC5778,0.5483933223969892
ACC5779,0.2297597220881984
ACC5780,0.6301264112708675
ACC5781,0.17099295570780662
ACC5782,0.39843674611598956
ACC5783,0.014764064460098427
ACC5784,0.16964199556113094
ACC5785,0.607160088777381
ACC5786,0.623950593457493
ACC5787,0.7201582553314677
ACC5788,0.8082601563253884
ACC5789,0.24519926662163466
ACC5790,0.21287272025475248
ACC5791,0.8067162018720447
ACC5792,0.4693621538164624
ACC5793,0.6484608704043231
ACC5794,0.16761555534111744
ACC5795,0.2417253691016115
ACC5796,0.36572421113577147
ACC5797,0.7535462703850236
ACC5798,0.8245681752388304
ACC5799,0.1607642574544051
ACC5800,0.8828524558525523
ACC5801,0.5645083470037634
ACC5802,0.6583035800443887
ACC5803,0.5784039370838561
ACC5804,0.7051046994113673
ACC5805,0.2206889896748046
ACC5806,0.26160378268841067
ACC5807,0.5532181800636882
ACC5808,0.36466274244909774
ACC5809,0.6631284377110875
ACC5810,0.35308308404902056
ACC5811,0.6188362443307922
ACC5812,0.1429122840876194
ACC5813,0.5871851780372479
ACC5814,0.6973849271446493
ACC5815,0.26256875422175047
ACC5816,0.21509215478143395
ACC5817,0.3396699797355978
ACC5818,0.27791180160185275
ACC5819,0.8392357425455949
ACC5820,0.4152272507961015
ACC5821,0.5859307150439063
ACC5822,0.8667374312457783
ACC5823,0.8159799285921066
ACC5824,0.029142140306860947
ACC5825,0.5317958120235453
ACC5826,0.25388401042169256
ACC5827,0.6003087908906687
ACC5828,0.7877062626652513
ACC5829,0.7760301071118402
ACC5830,0.6978674129113192
ACC5831,0.02306281964682042
ACC5832,0.8957830743993053
ACC5833,0.046222136446974815
ACC5834,0.1227443790408183
ACC5835,0.5151983016501013
ACC5836,0.04371321046029142
ACC5837,0.8430956286789539
ACC5838,0.4315352697095436
ACC5839,0.7824954163852167
ACC5840,0.9533918749396892
ACC5841,0.17987069381453247
ACC5842,0.6414165782109428
ACC5843,0.462896844543086
ACC5844,0.6290649425841938
ACC5845,0.39969120910933126
ACC5846,0.3450738203223005
ACC5847,0.022387339573482583
ACC5848,0.8729132490591528
ACC5849,0.7937855833252919
ACC5850,0.09591817041397278
ACC5851,0.6683392839911223
ACC5852,0.7681173405384542
ACC5853,0.6021422368040142
ACC5854,0.22175045836147833
ACC5855,0.6848402972112323
ACC5856,0.8142429798320949
ACC5857,0.22734729325484898
ACC5858,0.7320274051915469
ACC5859,0.5121103927434141
ACC5860,0.6783749879378558
ACC5861,0.07102190485380681
ACC5862,0.1714754414744765
ACC5863,0.9420052108462801
ACC5864,0.6305123998842034
ACC5865,0.5524462028370163
ACC5866,0.768406831998456
ACC5867,0.5465598764836437
ACC5868,0.2880440027019203
ACC5869,0.07584676252050565
ACC5870,0.3364855736755766
ACC5871,0.9245392260928302
ACC5872,0.41976261700279843
ACC5873,0.466949724983113
ACC5874,0.8541928013123613
ACC5875,0.2309176879282061
ACC5876,0.05143298272700955
ACC5877,0.8794750554858631
ACC5878,0.8726237575991508
ACC5879,0.56199942101708
ACC5880,0.9393997877062626
ACC5881,0.8038212872720255
ACC5882,0.30444851876869633
ACC5883,0.041686770240277914
ACC5884,0.9501109717263341
ACC5885,0.5421210074302808
ACC5886,0.1789057222811927
ACC5887,0.6103444948374023
ACC5888,0.9525234005596835
ACC5889,0.30155360416867705
ACC5890,0.2095918170413973
ACC5891,0.43819357328958797
ACC5892,0.4490012544629933
ACC5893,0.16645758950110973
ACC5894,0.8377882852455852
ACC5895,0.23535655698156904
ACC5896,0.44716780854964777
ACC5897,0.962848595966419
ACC5898,0.3421789057222812
ACC5899,0.5442439448036283
ACC5900,0.7577921451317187
ACC5901,0.3701630801891344
ACC5902,0.6412235839042748
ACC5903,0.71900028949146
ACC5904,0.40586702692270576
ACC5905,0.7706262665251375
ACC5906,0.5419280131236128
ACC5907,0.7676348547717843
ACC5908,0.4797838463765319
ACC5909,0.046318633600308794
ACC5910,0.380198784135868
ACC5911,0.4631863360030879
ACC5912,0.03338801505355592
ACC5913,0.8417446685322783
ACC5914,0.6646723921644312
ACC5915,0.21827656084145516
ACC5916,0.03551095242690341
ACC5917,0.8213837691788092
ACC5918,0.0276946830068513
ACC5919,0.9855254269999035
ACC5920,0.677699507864518
ACC5921,0.06532857280710219
ACC5922,0.8319019588922126
ACC5923,0.9934381935732896
ACC5924,0.03107208337354048
ACC5925,0.4042265753160282
ACC5926,0.8214802663321432
ACC5927,0.1442632442342951
ACC5928,0.3085013992087233
ACC5929,0.7340538454115604
ACC5930,0.44610633986297404
ACC5931,0.4528611405963524
ACC5932,0.5907555727106051
ACC5933,0.9209688314194732
ACC5934,0.9683489337064557
ACC5935,0.8056547331853711
ACC5936,0.18980990060793207
ACC5937,0.6706552156711377
ACC5938,0.12264788188748432
ACC5939,0.04844157097365628
ACC5940,0.008684743800057898
ACC5941,0.18479204863456528
ACC5942,0.19617871272797452
ACC5943,0.6497153333976647
ACC5944,0.8659654540191064
ACC5945,0.9825340152465503
ACC5946,0.01582553314677217
ACC5947,0.5019781916433466
ACC5948,0.7174563350381163
ACC5949,0.7043327221846956
ACC5950,0.41706069670944707
ACC5951,0.6201872044774679
ACC5952,0.19926662163466177
ACC5953,0.8499469265656663
ACC5954,0.5191546849367944
ACC5955,0.05172247418701148
ACC5956,0.13654347196757696
ACC5957,0.524751519830165
ACC5958,0.02277332818681849
ACC5959,0.7850043423719
ACC5960,0.33658207082891056
ACC5961,0.15092154781433947
ACC5962,0.018913442053459423
ACC5963,0.5432789732702885
ACC5964,0.5949049503039661
ACC5965,0.13538550612756925
ACC5966,0.161150246067741
ACC5967,0.7548007333783653
ACC5968,0.46357232461642384
ACC5969,0.644600984270964
ACC5970,0.13085013992087233
ACC5971,0.9561902923863747
ACC5972,0.13027115700086847
ACC5973,0.03165106629354434
ACC5974,0.12428833349416192
ACC5975,0.9168194538261122
ACC5976,0.8951075943259674
ACC5977,0.054520891633696805
ACC5978,0.7721702209784811
ACC5979,0.30406253015536044
ACC5980,0.13953488372093023
ACC5981,0.6411270867509409
ACC5982,0.9656470134131043
ACC5983,0.9426806909196179
ACC5984,0.7347293254848982
ACC5985,0.7046222136446975
ACC5986,0.847341503425649
ACC5987,0.5665347872237769
ACC5988,0.5128823699700858
ACC5989,0.6106339862974042
ACC5990,0.39949821480266334
ACC5991,0.4426324423429509
ACC5992,0.5864132008105761
ACC5993,0.6250120621441667
ACC5994,0.07980314580719869
ACC5995,0.2194345266814629
ACC5996,0.31438772556209593
ACC5997,0.8357618450255717
ACC5998,0.6949724983112998
ACC5999,0.22860175624819068
ACC6000,0.2926758660619512
ACC6001,0.682041879764547
ACC6002,0.5148123130367654
ACC6003,0.19357328958795716
ACC6004,0.4119463475827463
ACC6005,0.6438290070442922
ACC6006,0.9162404709061083
ACC6007,0.6218276560841455
ACC6008,0.3735404805558236
ACC6009,0.4968638425166458
ACC6010,0.23854096304159028
ACC6011,0.9910257647399402
ACC6012,0.007816269420052108
ACC6013,0.8855543761459037
ACC6014,0.6958409726913056
ACC6015,0.5981858535173212
ACC6016,0.8039177844253594
ACC6017,0.7253691016115025
ACC6018,0.5004342371900029
ACC6019,0.34777574061565186
ACC6020,0.10672585158737817
ACC6021,0.4929074592299527
ACC6022,0.338705008202258
ACC6023,0.693911029624626
ACC6024,0.8544822927723632
ACC6025,0.017658979060117725
ACC6026,0.1421403068609476
ACC6027,0.3875325677892502
ACC6028,0.5959664189906397
ACC6029,0.9765511917398437
ACC6030,0.7938820804786259
ACC6031,0.09852359355399015
ACC6032,0.3211425262954743
ACC6033,0.048634565280324234
ACC6034,0.660909003184406
ACC6035,0.2759818585351732
ACC6036,0.8931776512592878
ACC6037,0.6658303580044389
ACC6038,0.32809032133552063
ACC6039,0.03251954067355013
ACC6040,0.4513171861430088
ACC6041,0.7287465019781917
ACC6042,0.7504583614783364
ACC6043,0.6437325098909582
ACC6044,0.2908424201486056
ACC6045,0.023448808260156325
ACC6046,0.5592010035703947
ACC6047,0.08009263726720062
ACC6048,0.0003859886133359066
ACC6049,0.4932934478432886
ACC6050,0.18701148316124674
ACC6051,0.1925118209012834
ACC6052,0.4293158351828621
ACC6053,0.5570780661970471
ACC6054,0.9969120910933128
ACC6055,0.7050082022580334
ACC6056,0.28794750554858634
ACC6057,0.1707034642478047
ACC6058,0.7568271735983788
ACC6059,0.421596062916144
ACC6060,0.40818295860272125
ACC6061,0.9766476888931777
ACC6062,0.9195213741194634
ACC6063,0.5769564797838463
ACC6064,0.5459808935636399
ACC6065,0.45141368329634274
ACC6066,0.7044292193380295
ACC6067,0.044002701920293354
ACC6068,0.8102865965454019
ACC6069,0.026054231400173693
ACC6070,0.3300202644022001
ACC6071,0.09427771880729519
ACC6072,0.8688603686191257
ACC6073,0.5484898195503233
ACC6074,0.2751133841551674
ACC6075,0.8241821866254946
ACC6076,0.958795715526392
ACC6077,0.1267972594808453
ACC6078,0.7486249155649908
ACC6079,0.9174949338994499
ACC6080,0.7189037923381261
ACC6081,0.27945575605519635
ACC6082,0.4157097365627714
ACC6083,0.49232847630994886
ACC6084,0.08626845508057512
ACC6085,0.5457878992569719
ACC6086,0.19791566148798612
ACC6087,0.41879764546945863
ACC6088,0.380102286982534
ACC6089,0.6478818874843192
ACC6090,0.830261507285535
ACC6091,0.8123130367654154
ACC6092,0.6228891247708193
ACC6093,0.08414551770722764
ACC6094,0.7620380198784136
ACC6095,0.9801215864132008
ACC6096,0.17832673936118884
ACC6097,0.66148798610441
ACC6098,0.6562771398243752
ACC6099,0.2862105567885747
ACC6100,0.5038116375566921
ACC6101,0.838946251085593
ACC6102,0.1454212100743028
ACC6103,0.27578886422850524
ACC6104,0.03946733571359645
ACC6105,0.014571070153430473
ACC6106,0.04438869053362926
ACC6107,0.060310720833735405
ACC6108,0.1991701244813278
ACC6109,0.8702113287658014
ACC6110,0.0036668918266911125
ACC6111,0.8022773328186819
ACC6112,0.3834796873492232
ACC6113,0.23178616230821192
ACC6114,0.5922030300106147
ACC6115,0.7705297693718035
ACC6116,0.16308018913442054
ACC6117,0.9968155939399788
ACC6118,0.8713692946058091
ACC6119,0.07700472836051336
ACC6120,0.5683682331371225
ACC6121,0.6889896748045933
ACC6122,0.5257164913635047
ACC6123,0.7405191546849368
ACC6124,0.24269034063495126
ACC6125,0.7688893177651259
ACC6126,0.5512882369970086
ACC6127,0.2020650390813471
ACC6128,0.6862877545112419
ACC6129,0.26005982823506707
ACC6130,0.061758178133745054
ACC6131,0.5443404419569623
ACC6132,0.8157869342854386
ACC6133,0.6649618836244331
ACC6134,0.6626459519444177
ACC6135,0.8301650101322011
ACC6136,0.6613914889510759
ACC6137,0.9051432982727009
ACC6138,0.20997780565473317
ACC6139,0.1732123902344881
ACC6140,0.15111454212100742
ACC6141,0.7238251471581588
ACC6142,0.17967769950786452
ACC6143,0.7813374505452089
ACC6144,0.5310238347968735
ACC6145,0.06426710412042845
ACC6146,0.01466756730676445
ACC6147,0.08076811734053846
ACC6148,0.15979928592106532
ACC6149,0.8407796969989385
ACC6150,0.7739071697384927
ACC6151,0.37325098909582166
ACC6152,0.9356363987262376
ACC6153,0.026343722860175625
ACC6154,0.4871176300299141
ACC6155,0.14242979832094954
ACC6156,0.08453150632056354
ACC6157,0.11849850429412333
ACC6158,0.005500337740036669
ACC6159,0.16037826884106918
ACC6160,0.48499469265656664
ACC6161,0.8286210556788575
ACC6162,0.3326256875422175
ACC6163,0.18218662549454792
ACC6164,0.9517514233330117
ACC6165,0.8324809418122165
ACC6166,0.6608125060310721
ACC6167,0.9362153816462414
ACC6168,0.974910740133166
ACC6169,0.008781240953391875
ACC6170,0.6435395155842902
ACC6171,0.7981279552253209
ACC6172,0.04236225031361575
ACC6173,0.5711666505838078
ACC6174,0.9602431728264016
ACC6175,0.7226671813181511
ACC6176,0.739457685998263
ACC6177,0.5583325291903889
ACC6178,0.8516838753256779
ACC6179,0.6880247032712535
ACC6180,0.52098813085014
ACC6181,0.33175721316221174
ACC6182,0.6083180546173887
ACC6183,0.6120814435974139
ACC6184,0.5758950110971727
ACC6185,0.5391295956769275
ACC6186,0.789443211425263
ACC6187,0.18286210556788574
ACC6188,0.4028756151693525
ACC6189,0.07044292193380296
ACC6190,0.16848402972112322
ACC6191,0.8171378944321143
ACC6192,0.880247032712535
ACC6193,0.39563832866930426
ACC6194,0.5773424683971823
ACC6195,0.18044967673453632
ACC6196,0.8218662549454792
ACC6197,0.39737527742931583
ACC6198,0.6395831322975972
ACC6199,0.17716877352118113
ACC6200,0.2722184695551481
ACC6201,0.2062144166747081
ACC6202,0.7610730483450738
ACC6203,0.9239602431728264
ACC6204,0.04805558236032037
ACC6205,0.528900897423526
ACC6206,0.6643829007044292
ACC6207,0.3075364276753836
ACC6208,0.4265174177361768
ACC6209,0.9672874650197819
ACC6210,0.5193476792434624
ACC6211,0.607449580237383
ACC6212,0.7874167712052494
ACC6213,0.6253015536041687
ACC6214,0.18961690630126413
ACC6215,0.5177072276367847
ACC6216,0.8563157386857088
ACC6217,0.4415709736562771
ACC6218,0.913442053459423
ACC6219,0.8901862395059346
ACC6220,0.7118595001447457
ACC6221,0.2176975779214513
ACC6222,0.8898967480459327
ACC6223,0.9606291614397375
ACC6224,0.09234777574061565
ACC6225,0.6678567982244524
ACC6226,0.24375180932162502
ACC6227,0.4431149281096208
ACC6228,0.7098330599247322
ACC6229,0.640451606677603
ACC6230,0.2996236611019975
ACC6231,0.6866737431245779
ACC6232,0.6951654926179678
ACC6233,0.08858438676059056
ACC6234,0.5473318537103156
ACC6235,0.8670269227057802
ACC6236,0.8580526874457204
ACC6237,0.1908713692946058
ACC6238,0.7442825436649619
ACC6239,0.13972787802759817
ACC6240,0.004438869053362926
ACC6241,0.09225127858728167
ACC6242,0.46637074206310913
ACC6243,0.6408375952909389
ACC6244,0.44861526584965744
ACC6245,0.7257550902248384
ACC6246,0.9179774196661199
ACC6247,0.6910161150246068
ACC6248,0.3536620669690244
ACC6249,0.7209302325581395
ACC6250,0.322396989288816
ACC6251,0.47129209688314194
ACC6252,0.06088970375373926
ACC6253,0.6202837016308019
ACC6254,0.36794364566245297
ACC6255,0.909196178712728
ACC6256,0.6990253787513269
ACC6257,0.15690437132104604
ACC6258,0.7471774582649812
ACC6259,0.632249348644215
ACC6260,0.9437421596062916
ACC6261,0.8463765318923092
ACC6262,0.03570394673357136
ACC6263,0.34574930039563834
ACC6264,0.6383286693042555
ACC6265,0.1173405384541156
ACC6266,0.9310045353662066
ACC6267,0.9927627134999517
ACC6268,0.05953874360706359
ACC6269,0.4717745826498118
ACC6270,0.5023641802566824
ACC6271,0.3713210460291421
ACC6272,0.7100260542314002
ACC6273,0.0747852938338319
ACC6274,0.9950786451799671
ACC6275,0.6849367943645662
ACC6276,0.6749975875711667
ACC6277,0.5480073337836534
ACC6278,0.7280710219048538
ACC6279,0.20090707324133938
ACC6280,0.33581009360223874
ACC6281,0.3210460291421403
ACC6282,0.7276850332915179
ACC6283,0.14696516452764644
ACC6284,0.2131622117147544
ACC6285,0.6277139824375181
ACC6286,0.6476888931776512
ACC6287,0.1926083180546174
ACC6288,0.06079320660040529
ACC6289,0.20264402200135095
ACC6290,0.26961304641513073
ACC6291,0.909099681559394
ACC6292,0.5723246164238155
ACC6293,0.669207758371128
ACC6294,0.8070056933320467
ACC6295,0.20061758178133746
ACC6296,0.08279455756055196
ACC6297,0.027887677313519252
ACC6298,0.4330792241628872
ACC6299,0.7134999517514233
ACC6300,0.8689568657724597
ACC6301,0.026729711473511532
ACC6302,0.5286114059635241
ACC6303,0.7329923767248866
ACC6304,0.5491652996236611
ACC6305,0.6520312650776802
ACC6306,0.70249927627135
ACC6307,0.8851683875325678
ACC6308,0.19945961594132974
ACC6309,0.11618257261410789
ACC6310,0.148702113287658
ACC6311,0.019395927820129305
ACC6312,0.08568947216057127
ACC6313,0.8072951847920486
ACC6314,0.5821673260638811
ACC6315,0.8480169834989868
ACC6316,0.13914889510759432
ACC6317,0.36311878799575414
ACC6318,0.5599729807970665
ACC6319,0.002508925986683393
ACC6320,0.2434623178616231
ACC6321,0.7912766573386085
ACC6322,0.8227347293254849
ACC6323,0.5883431438772556
ACC6324,0.5569815690437132
ACC6325,0.4966708482099778
ACC6326,0.6441184985042941
ACC6327,0.21210074302808068
ACC6328,0.7387822059249252
ACC6329,0.8238926951654926
ACC6330,0.5315063205635434
ACC6331,0.9414262279262762
ACC6332,0.2771398243751809
ACC6333,0.5178037247901187
ACC6334,0.03203705490688025
ACC6335,0.7400366689182669
ACC6336,0.8715622889124771
ACC6337,0.7585641223583904
ACC6338,0.3272218469555148
ACC6339,0.09157579851394383
ACC6340,0.8856508732992376
ACC6341,0.7801794847052012
ACC6342,0.483450738203223
ACC6343,0.7901186914986008
ACC6344,0.5251375084435009
ACC6345,0.41503425648943354
ACC6346,0.7919521374119464
ACC6347,0.8211907748721413
ACC6348,0.1673260638811155
ACC6349,0.022869825340152465
ACC6350,0.5213741194634758
ACC6351,0.9615941329730773
ACC6352,0.512303387050082
ACC6353,0.05046801119366979
ACC6354,0.648557367557657
ACC6355,0.3209495319888063
ACC6356,0.1933802952812892
ACC6357,0.4805558236032037
ACC6358,0.09369873588729133
ACC6359,0.4094374215960629
ACC6360,0.5947119559972981
ACC6361,0.22425938434816173
ACC6362,0.2214609669014764
ACC6363,0.727106050371514
ACC6364,0.760397568271736
ACC6365,0.3297307729421982
ACC6366,0.7635819743317572
ACC6367,0.9333204670462222
ACC6368,0.867702402779118
ACC6369,0.8176203801987841
ACC6370,0.855254269999035
ACC6371,0.8820804786258806
ACC6372,0.024124288333494164
ACC6373,0.021518865193476792
ACC6374,0.4732220399498215
ACC6375,0.43954453343626365
ACC6376,0.06320563543375471
ACC6377,0.5732895879571552
ACC6378,0.9901572903599344
ACC6379,0.5966418990639776
ACC6380,0.6869632345845798
ACC6381,0.08665444369391102
ACC6382,0.587088680883914
ACC6383,0.8558332529190389
ACC6384,0.7506513557850043
ACC6385,0.002798417446685323
ACC6386,0.9554183151597028
ACC6387,0.31429122840876195
ACC6388,0.02422078548682814
ACC6389,0.05500337740036669
ACC6390,0.9754897230531699
ACC6391,0.5925890186239506
ACC6392,0.3868570877159124
ACC6393,0.4804593264498697
ACC6394,0.35597799864903984
ACC6395,0.4632828331564219
ACC6396,0.9035028466660233
ACC6397,0.9350574158062337
ACC6398,0.6111164720640742
ACC6399,0.9840779696998938
ACC6400,0.10334845122068899
ACC6401,0.4316317668628775
ACC6402,0.3036765415420245
ACC6403,0.5071890379233812
ACC6404,0.8151114542121007
ACC6405,0.8691498600791276
ACC6406,0.2796487503618643
ACC6407,0.20978481134806523
ACC6408,0.892695165492618
ACC6409,0.17697577921451318
ACC6410,0.5357521953102383
ACC6411,0.938048827559587
ACC6412,0.9566727781530445
ACC6413,0.3736369777091576
ACC6414,0.3649522339090997
ACC6415,0.6821383769178809
ACC6416,0.677796005017852
ACC6417,0.9135385506127569
ACC6418,0.31400173694876
ACC6419,0.4066390041493776
ACC6420,0.6825243655312169
ACC6421,0.48258226382321723
ACC6422,0.5759915082505066
ACC6423,0.14522821576763487
ACC6424,0.21383769178809225
ACC6425,0.8488854578789926
ACC6426,0.4243944803628293
ACC6427,0.4480362829296536
ACC6428,0.3741194634758275
ACC6429,0.42989481810286595
ACC6430,0.04824857666698833
ACC6431,0.9541638521663611
ACC6432,0.3913924539226093
ACC6433,0.5404805558236032
ACC6434,0.5546656373636978
ACC6435,0.4772749203898485
ACC6436,0.44321142526295476
ACC6437,0.15323747949435493
ACC6438,0.26449869728843
ACC6439,0.8317089645855448
ACC6440,0.6672778153044485
ACC6441,0.6884106918845894
ACC6442,0.8911512110392743
ACC6443,0.5253305027501689
ACC6444,0.22696130464151307
ACC6445,0.9725948084531506
ACC6446,0.5714561420438097
ACC6447,0.35839042748238925
ACC6448,0.9974910740133166
ACC6449,0.5820708289105472
ACC6450,0.36804014281578695
ACC6451,0.2376724886615845
ACC6452,0.8129885168387533
ACC6453,0.04564315352697095
ACC6454,0.6039756827173598
ACC6455,0.41213934188941426
ACC6456,0.30473801022869823
ACC6457,0.781047959085207
ACC6458,0.6517417736176783
ACC6459,0.41011290166940073
ACC6460,0.8759046608125061
ACC6461,0.16182572614107885
ACC6462,0.0863649522339091
ACC6463,0.42468397182283124
ACC6464,0.3540480555823603
ACC6465,0.06590755572710605
ACC6466,0.5013027115700087
ACC6467,0.028080671620187205
ACC6468,0.3788478239891923
ACC6469,0.7628099971050853
ACC6470,0.006465309273376435
ACC6471,0.7882852455852553
ACC6472,0.9665154877931101
ACC6473,0.34526681462896847
ACC6474,0.8914407024992763
ACC6475,0.7102190485380682
ACC6476,0.351346135289009
ACC6477,0.23111068223487408
ACC6478,0.7775740615651838
ACC6479,0.16790504680111937
ACC6480,0.714850911898099
ACC6481,0.38820804786258806
ACC6482,0.9758757116665059
ACC6483,0.5818778346038792
ACC6484,0.8402007140789347
ACC6485,0.7113770143780759
ACC6486,0.12187590466081251
ACC6487,0.6323458457975489
ACC6488,0.619704718710798
ACC6489,0.4266139148895108
ACC6490,0.6546366882176976
ACC6491,0.376049406542507
ACC6492,0.21615362346810768
ACC6493,0.6234681076908232
ACC6494,0.1461931873009746
ACC6495,0.6519347679243462
ACC6496,0.07420631091382804
ACC6497,0.5158737817234391
ACC6498,0.9966225996333108
ACC6499,0.45237865482968254
ACC6500,0.6439255041976262
ACC6501,0.33938048827559586
ACC6502,0.7277815304448518
ACC6503,0.198301650101322
ACC6504,0.9851394383865676
ACC6505,0.392550419762617
ACC6506,0.9693139052397954
ACC6507,0.5447264305702981
ACC6508,0.6388111550709255
ACC6509,0.3688121200424587
ACC6510,0.2132587088680884
ACC6511,0.9849464440798996
ACC6512,0.16057126314773715
ACC6513,0.4680111936697867
ACC6514,0.18488854578789926
ACC6515,0.9155649908327704
ACC6516,0.48277525812988514
ACC6517,0.13451703174756344
ACC6518,0.6171957927241146
ACC6519,0.636205731930908
ACC6520,0.17958120235453054
ACC6521,0.4026826208626845
ACC6522,0.9626556016597511
ACC6523,0.06696902441377979
ACC6524,0.36099585062240663
ACC6525,0.5269709543568465
ACC6526,0.636398726237576
ACC6527,0.817909871658786
ACC6528,0.12438483064749589
ACC6529,0.6398726237575991
ACC6530,0.6096690147640644
ACC6531,0.5161632731834411
ACC6532,0.46337933030975587
ACC6533,0.4362636302229084
ACC6534,0.9498214802663322
ACC6535,0.6465309273376435
ACC6536,0.5839042748238927
ACC6537,0.4542121007430281
ACC6538,0.8613335906590756
ACC6539,0.08954935829393033
ACC6540,0.5029431631766863
ACC6541,0.5726141078838174
ACC6542,0.727588536138184
ACC6543,0.12091093312747274
ACC6544,0.20930232558139536
ACC6545,0.5144263244234295
ACC6546,0.20920582842806137
ACC6547,0.32162501206214417
ACC6548,0.9520409147930136
ACC6549,0.6553121682910354
ACC6550,0.4128148219627521
ACC6551,0.14937759336099585
ACC6552,0.5281289201968542
ACC6553,0.7131139631380874
ACC6554,0.28283315642188556
ACC6555,0.8734922319791566
ACC6556,0.1479301360609862
ACC6557,0.4455273569429702
ACC6558,0.9121875904660812
ACC6559,0.425455949049503
ACC6560,0.5200231593168002
ACC6561,0.6524172536910161
ACC6562,0.31342275402875613
ACC6563,0.9536813663996913
ACC6564,0.5216636109234778
ACC6565,0.6148798610440992
ACC6566,0.05278394287368523
ACC6567,0.42352600598282353
ACC6568,0.8450255717456335
ACC6569,0.42497346328283314
ACC6570,0.2896844543085979
ACC6571,0.34970568368233135
ACC6572,0.1202354530541349
ACC6573,0.13239409437421595
ACC6574,0.3828042072758854
ACC6575,0.3710315545691402
ACC6576,0.7086750940847245
ACC6577,0.784907845218566
ACC6578,0.31091382804207274
ACC6579,0.1723439158544823
ACC6580,0.46588825629643926
ACC6581,0.22445237865482967
ACC6582,0.5984753449773231
ACC6583,0.5050661005500338
ACC6584,0.22541735018816944
ACC6585,0.7786355302518576
ACC6586,0.18228312264788188
ACC6587,0.8505259094856702
ACC6588,0.1003570394673357
ACC6589,0.7304834507382032
ACC6590,0.8458940461256393
ACC6591,0.3673646627424491
ACC6592,0.6851297886712342
ACC6593,0.5358486924635724
ACC6594,0.42584193766283895
ACC6595,0.23497056836823313
ACC6596,0.4318247611695455
ACC6597,0.8578596931390524
ACC6598,0.16597510373443983
ACC6599,0.5075750265367172
ACC6600,0.9639100646530927
ACC6601,0.07729421982051529
ACC6602,0.07468879668049792
ACC6603,0.7790215188651934
ACC6604,0.8545787899256972
ACC6605,0.12168291035414455
ACC6606,0.29026343722860176
ACC6607,0.16703657242111358
ACC6608,0.9993245199266622
ACC6609,0.6450834700376339
ACC6610,0.4475537971629837
ACC6611,0.7018237961980122
ACC6612,0.5387436070635916
ACC6613,0.0027019202933513463
ACC6614,0.8888352793592589
ACC6615,0.8698253401524655
ACC6616,0.8338319019588922
ACC6617,0.5681752388304545
ACC6618,0.17707227636784714
ACC6619,0.11763002991411753
ACC6620,0.4500627231496671
ACC6621,0.13606098620090706
ACC6622,0.6892791662645952
ACC6623,0.747852938338319
ACC6624,0.9234777574061566
ACC6625,0.4279648750361864
ACC6626,0.4747659944031651
ACC6627,0.5596834893370646
ACC6628,0.5637363697770916
ACC6629,0.16925600694779505
ACC6630,0.3551095242690341
ACC6631,0.880054038405867
ACC6632,0.8655794654057706
ACC6633,0.02701920293351346
ACC6634,0.7671523690051143
ACC6635,0.08375952909389173
ACC6636,0.21017079996140114
ACC6637,0.07449580237382997
ACC6638,0.9099681559393998
ACC6639,0.3502846666023352
ACC6640,0.9813760494065425
ACC6641,0.1880729518479205
ACC6642,0.843385120138956
ACC6643,0.7653189230917687
ACC6644,0.615555341117437
ACC6645,0.9201968541928013
ACC6646,0.3392839911222619
ACC6647,0.7634854771784232
ACC6648,0.7665733860851105
ACC6649,0.5649908327704333
ACC6650,0.5528321914503522
ACC6651,0.5299623661101998
ACC6652,0.7013413104313423
ACC6653,0.8434816172922899
ACC6654,0.8126990253787513
ACC6655,0.3026150728553508
ACC6656,0.9549358293930329
ACC6657,0.5283219145035222
ACC6658,0.30522049599536816
ACC6659,0.4726430570298176
ACC6660,0.6169063012641127
ACC6661,0.6928495609379524
ACC6662,0.14435974138762905
ACC6663,0.7633889800250893
ACC6664,0.16028177168773522
ACC6665,0.30222908424201483
ACC6666,0.698542892984657
ACC6667,0.7019202933513461
ACC6668,0.13567499758757118
ACC6669,0.8664479397857763
ACC6670,0.1169545498407797
ACC6671,0.652706745151018
ACC6672,0.9269516549261797
ACC6673,0.950689954646338
ACC6674,0.8217697577921451
ACC6675,0.4955128823699701
ACC6676,0.8228312264788189
ACC6677,0.18334459133455563
ACC6678,0.8567982244523786
ACC6679,0.0018334459133455563
ACC6680,0.2276367847148509
ACC6681,0.5706841648171379
ACC6682,0.8352793592589018
ACC6683,0.15893081154105954
ACC6684,0.06725851587378172
ACC6685,0.6191257357907942
ACC6686,0.5223390909968156
ACC6687,0.009746212486731642
ACC6688,0.1892309176879282
ACC6689,0.177651259287851
ACC6690,0.9109331274727396
ACC6691,0.12071793882080478
ACC6692,0.4024896265560166
ACC6693,0.5364276753835762
ACC6694,0.6514522821576764
ACC6695,0.4994692656566631
ACC6696,0.7048152079513654
ACC6697,0.34314387725562095
ACC6698,0.5268744572035124
ACC6699,0.921354820032809
ACC6700,0.9205828428061372
ACC6701,0.4429219338029528
ACC6702,0.532760783556885
ACC6703,0.9768406831998456
ACC6704,0.17900221943452668
ACC6705,0.5101804496767345
ACC6706,0.6505838077776706
ACC6707,0.44842227154298947
ACC6708,0.19347679243462318
ACC6709,0.5344012351635626
ACC6710,0.5571745633503812
ACC6711,0.933802952812892
ACC6712,0.4884685901765898
ACC6713,0.9070732413393805
ACC6714,0.04496767345363312
ACC6715,0.7494933899449966
ACC6716,0.37045257164913636
ACC6717,0.8335424104988903
ACC6718,0.5285149088101901
ACC6719,0.05423140017369488
ACC6720,0.8280420727588537
ACC6721,0.5222425938434816
ACC6722,0.5336292579368909
ACC6723,0.04612563929364084
ACC6724,0.38068126990253787
ACC6725,0.07266235646048441
ACC6726,0.8196468204187977
ACC6727,0.21596062916143974
ACC6728,0.13731544919424876
ACC6729,0.6229856219241532
ACC6730,0.3420824085689472
ACC6731,0.7997684068319985
ACC6732,0.3818392357425456
ACC6733,0.23776898581491845
ACC6734,0.5261989771301746
ACC6735,0.7451510180449676
ACC6736,0.714947409051433
ACC6737,0.6263630222908424
ACC6738,0.8862298562192416
ACC6739,0.3980507575026537
ACC6740,0.5024606774100164
ACC6741,0.3787513268358583
ACC6742,0.6893756634179292
ACC6743,0.06397761266042652
ACC6744,0.6128534208240857
ACC6745,0.025668242786837787
ACC6746,0.310045353662067
ACC6747,0.5069960436167134
ACC6748,0.8148219627520988
ACC6749,0.3496091865289974
ACC6750,0.6092830261507286
ACC6751,0.202547524848017
ACC6752,0.004631863360030879
ACC6753,0.4978288140499855
ACC6754,0.5189616906301264
ACC6755,0.7180353179581203
ACC6756,0.2215574640548104
ACC6757,0.005596834893370646
ACC6758,0.7905046801119368
ACC6759,0.46839718228312266
ACC6760,0.21094277718807294
ACC6761,0.20052108462800347
ACC6762,0.2958602721219724
ACC6763,0.6289684454308598
ACC6764,0.45228215767634855
ACC6765,0.7674418604651163
ACC6766,0.7016308018913442
ACC6767,0.6002122937373348
ACC6768,0.4606774100164045
ACC6769,0.4562385409630416
ACC6770,0.2044774679146965
ACC6771,0.40210363794268067
ACC6772,0.08906687252726045
ACC6773,0.7961015150053073
ACC6774,0.15352697095435686
ACC6775,0.9412332336196082
ACC6776,0.7717842323651453
ACC6777,0.8265946154588439
ACC6778,0.7640644600984271
ACC6779,0.5307343433368715
ACC6780,0.13856991218759046
ACC6781,0.038116375566920775
ACC6782,0.05181897134034546
ACC6783,0.22213644697481424
ACC6784,0.9976840683199846
ACC6785,0.6968059442246454
ACC6786,0.9616906301264113
ACC6787,0.8752291807391682
ACC6788,0.7532567789250217
ACC6789,0.5565955804303773
ACC6790,0.9839814725465599
ACC6791,0.8134710026054232
ACC6792,0.6428640355109524
ACC6793,0.21837305799478915
ACC6794,0.004149377593360996
ACC6795,0.9265656663128438
ACC6796,0.9696033966997973
ACC6797,0.9300395638328669
ACC6798,0.3399594711955997
ACC6799,0.41262182765608413
ACC6800,0.9061082698060408
ACC6801,0.11338415516742256
ACC6802,0.9537778635530252
ACC6803,0.33822252243558815
ACC6804,0.392743414069285
ACC6805,0.3177651259287851
ACC6806,0.5705876676638039
ACC6807,0.08790890668725272
ACC6808,0.8685708771591238
ACC6809,0.08240856894721606
ACC6810,0.22406639004149378
ACC6811,0.5887291324905916
ACC6812,0.5560165975103735
ACC6813,0.6834893370645566
ACC6814,0.3035800443886905
ACC6815,0.7115700086847438
ACC6816,0.8365338222522436
ACC6817,0.49985525426999905
ACC6818,0.43327221846955516
ACC6819,0.03686191257357908
ACC6820,0.2546559876483644
ACC6821,0.3527935925890186
ACC6822,0.6373636977709157
ACC6823,0.16877352118112515
ACC6824,0.19521374119463475
ACC6825,0.40972691305606485
ACC6826,0.3464247804689762
ACC6827,0.8841069188458941
ACC6828,0.39573482582263825
ACC6829,0.9899642960532664
ACC6830,0.85950014474573
ACC6831,0.6076425745440509
ACC6832,0.8682813856991218
ACC6833,0.5059345749300396
ACC6834,0.06745151018044968
ACC6835,0.1917398436746116
ACC6836,0.5278394287368523
ACC6837,0.46482678760976553
ACC6838,0.6801119366978674
ACC6839,0.161246743221075
ACC6840,0.4241049889028274
ACC6841,0.7940750747852938
ACC6842,0.5615169352504101
ACC6843,0.9485670172729904
ACC6844,0.4267104120428447
ACC6845,0.6838753256778926
ACC6846,0.7294219820515295
ACC6847,0.07324133938048828
ACC6848,0.7081926083180546
ACC6849,0.487600115796584
ACC6850,0.020843385120138957
ACC6851,0.6372672006175818
ACC6852,0.0715043906204767
ACC6853,0.3350381163755669
ACC6854,0.6134324037440896
ACC6855,0.35231110682234873
ACC6856,0.36919810865579467
ACC6857,0.06243365820708289
ACC6858,0.4643443018430956
ACC6859,0.035607449580237385
ACC6860,0.05876676638039178
ACC6861,0.2404709061082698
ACC6862,0.06841648171378945
ACC6863,0.48007333783653383
ACC6864,0.9169159509794461
ACC6865,0.7897327028852649
ACC6866,0.16510662935443404
ACC6867,0.47486249155649907
ACC6868,0.1772652706745151
ACC6869,0.0995850622406639
ACC6870,0.23574254559490496
ACC6871,0.5815883431438773
ACC6872,0.8071021904853807
ACC6873,0.10103251954067355
ACC6874,0.48374022966322494
ACC6875,0.3854096304159027
ACC6876,0.24741870114831613
ACC6877,0.16259770336775065
ACC6878,0.05297693718035318
ACC6879,0.6796294509311975
ACC6880,0.024992762713499952
ACC6881,0.5604554665637363
ACC6882,0.05905625784039371
ACC6883,0.3499951751423333
ACC6884,0.009070732413393805
ACC6885,0.8744572035124963
ACC6886,0.30965936504873104
ACC6887,0.3069574447553797
ACC6888,0.661294991797742
ACC6889,0.5566920775837113
ACC6890,0.047573096593650485
ACC6891,0.9841744668532278
ACC6892,0.42699990350284667
ACC6893,0.07854868281385699
ACC6894,0.7290359934381936
ACC6895,0.41841165685612275
ACC6896,0.9635240760397569
ACC6897,0.6298369198108655
ACC6898,0.8116375566920776
ACC6899,0.9507864517996719
ACC6900,0.8727202547524848
ACC6901,0.49860079127665735
ACC6902,0.7331853710315546
ACC6903,0.45315063205635436
ACC6904,0.22464537296149764
ACC6905,0.9249252147061662
ACC6906,0.8576666988323844
ACC6907,0.4682041879764547
ACC6908,0.706552156711377
ACC6909,0.6717166843578114
ACC6910,0.13982437518093216
ACC6911,0.8311299816655409
ACC6912,0.297307729421982
ACC6913,0.11801601852745344
ACC6914,0.7025957734246839
ACC6915,0.3689086171957927
ACC6916,0.437807584676252
ACC6917,0.21470616616809804
ACC6918,0.1508250506610055
ACC6919,0.9534883720930233
ACC6920,0.7971629836919811
ACC6921,0.4288333494161922
ACC6922,0.95898870983306
ACC6923,0.3896555051625977
ACC6924,0.44986972884299914
ACC6925,0.36051336485573676
ACC6926,0.6946830068512979
ACC6927,0.20650390813471003
ACC6928,0.36948760011579657
ACC6929,0.5531216829103541
ACC6930,0.43114928109620765
ACC6931,0.7965840007719772
ACC6932,0.8291035414455273
ACC6933,0.4104988902827367
ACC6934,0.6167133069574448
ACC6935,0.44822927723632155
ACC6936,0.5958699218373058
ACC6937,0.7484319212583229
ACC6938,0.8199363118787996
ACC6939,0.7831708964585544
ACC6940,0.11019974910740134
ACC6941,0.5416385216636109
ACC6942,0.13895590080092637
ACC6943,0.8525523497056837
ACC6944,0.8251471581588343
ACC6945,0.24394480362829296
ACC6946,0.4294123323361961
ACC6947,0.28437711087522916
ACC6948,0.9075557271060504
ACC6949,0.7904081829586027
ACC6950,0.17630029914117534
ACC6951,0.25272604458168485
ACC6952,0.9518479204863457
ACC6953,0.1524655022676831
ACC6954,0.08385602624722571
ACC6955,0.7414841262182765
ACC6956,0.8907652224259385
ACC6957,0.92550419762617
ACC6958,0.7215092154781434
ACC6959,0.8232172150921547
ACC6960,0.384348161729229
ACC6961,0.20640741098137605
ACC6962,0.039274341406928495
ACC6963,0.6248190678374987
ACC6964,0.3449773231689665
ACC6965,0.6565666312843771
ACC6966,0.7928206117919522
ACC6967,0.8412621827656084
ACC6968,0.6110199749107401
ACC6969,0.8949146000192995
ACC6970,0.47225706841648174
ACC6971,0.45980893563639874
ACC6972,0.8343143877255621
ACC6973,0.7747756441184985
ACC6974,0.32905529286886037
ACC6975,0.35964489047573095
ACC6976,0.2082408568947216
ACC6977,0.31265077680208436
ACC6978,0.03454598089356364
ACC6979,0.9761652031265078
ACC6980,0.9978770626266525
ACC6981,0.46878317089645855
ACC6982,0.9650680304931004
ACC6983,0.8253401524655023
ACC6984,0.9767441860465116
ACC6985,0.2371900028949146
ACC6986,0.44147447650294314
ACC6987,0.7511338415516742
ACC6988,0.7998649039853324
ACC6989,0.1863360030879089
ACC6990,0.05471388594036476
ACC6991,0.6637074206310913
ACC6992,0.8740712148991605
ACC6993,0.059442246453729614
ACC6994,0.9363118787995754
ACC6995,0.615748335424105
ACC6996,0.36678567982244525
ACC6997,0.09398822734729326
ACC6998,0.17369487600115796
ACC6999,0.752098813085014
ACC7000,0.011193669786741292
ACC7001,0.6681462896844543
ACC7002,0.02036089935346907
ACC7003,0.8030493100453536
ACC7004,0.03415999228022773
ACC7005,0.6800154395445335
ACC7006,0.8954935829393033
ACC7007,0.876194152272508
ACC7008,0.1430087812409534
ACC7009,0.09292675866061952
ACC7010,0.3287658014088584
ACC7011,0.6561806426710413
ACC7012,0.5884396410305895
ACC7013,0.3187300974621249
ACC7014,0.7334748624915565
ACC7015,0.47592396024317285
ACC7016,0.3652417253691016
ACC7017,0.6726816558911513
ACC7018,0.8296825243655312
ACC7019,0.3298272700955322
ACC7020,0.23130367654154202
ACC7021,0.5366206696902441
ACC7022,0.7575991508250507
ACC7023,0.7658979060117727
ACC7024,0.4264209205828428
ACC7025,0.21103927434140693
ACC7026,0.6038791855640259
ACC7027,0.20727588536138183
ACC7028,0.334652127762231
ACC7029,0.6496188362443308
ACC7030,0.5963524076039757
ACC7031,0.4507382032230049
ACC7032,0.23284763099488565
ACC7033,0.5489723053169931
ACC7034,0.6598475344977324
ACC7035,0.7956190292386375
ACC7036,0.9451896169063012
ACC7037,0.528707903116858
ACC7038,0.30811541059538744
ACC7039,0.8226382321721509
ACC7040,0.05722281192704815
ACC7041,0.4644407989964296
ACC7042,0.1921258322879475
ACC7043,0.48084531506320566
ACC7044,0.8206117919521374
ACC7045,0.8993534690726623
ACC7046,0.5715526391971437
ACC7047,0.7031747563446878
ACC7048,0.045160667760301074
ACC7049,0.8361478336389077
ACC7050,0.7321239023448808
ACC7051,0.08549647785390331
ACC7052,0.1367364662742449
ACC7053,0.5812023545305414
ACC7054,0.9573482582263824
ACC7055,0.21846955514812313
ACC7056,0.9452861140596353
ACC7057,0.9173019395927821
ACC7058,0.22368040142815787
ACC7059,0.702692270578018
ACC7060,0.1261217794075075
ACC7061,0.07922416288719483
ACC7062,0.3335906590755573
ACC7063,0.8561227443790408
ACC7064,0.5007237286500048
ACC7065,0.9461545884396411
ACC7066,0.22782977902151885
ACC7067,0.3448808260156325
ACC7068,0.8988709833059925
ACC7069,0.08424201486056161
ACC7070,0.43829007044292195
ACC7071,0.5698156904371321
ACC7072,0.29750072372865
ACC7073,0.5922995271639486
ACC7074,0.4467818199363119
ACC7075,0.9407507478529383
ACC7076,0.4933899449966226
ACC7077,0.533146772170221
ACC7078,0.574447553797163
ACC7079,0.9149860079127665
ACC7080,0.8767731351925118
ACC7081,0.582649811830551
ACC7082,0.8033388015053556
ACC7083,0.44600984270964006
ACC7084,0.6475923960243173
ACC7085,0.45508057512303385
ACC7086,0.4127183248094181
ACC7087,0.991894239119946
ACC7088,0.7659944031651066
ACC7089,0.3251954067355013
ACC7090,0.6286789539708578
ACC7091,0.5025571745633504
ACC7092,0.14686866737431245
ACC7093,0.1548779311010325
ACC7094,0.9937276850332916
ACC7095,0.8216732606388112
ACC7096,0.5935539901572904
ACC7097,0.02943163176686288
ACC7098,0.06378461835375857
ACC7099,0.6325388401042169
ACC7100,0.058187783460387915
ACC7101,0.027405191546849367
ACC7102,0.3361960822155746
ACC7103,0.45739650680304933
ACC7104,0.6543471967576956
ACC7105,0.5263919714368426
ACC7106,0.8870018334459133
ACC7107,0.3700665830358004
ACC7108,0.05490688024703271
ACC7109,0.5478143394769854
ACC7110,0.002219434526681463
ACC7111,0.4785293833831902
ACC7112,0.4864421499565763
ACC7113,0.019492424973463283
ACC7114,0.9260831805461739
ACC7115,0.33687156228891246
ACC7116,0.7588536138183923
ACC7117,0.5301553604168677
ACC7118,0.7868377882852455
ACC7119,0.8087426420920583
ACC7120,0.6544436939110296
ACC7121,0.4517996719096787
ACC7122,0.7913731544919425
ACC7123,0.392453922609283
ACC7124,0.5619029238637461
ACC7125,0.4325967383962173
ACC7126,0.46994113673646626
ACC7127,0.45845797548972306
ACC7128,0.7071311396313809
ACC7129,0.6058091286307054
ACC7130,0.5582360320370549
ACC7131,0.7172633407314484
ACC7132,0.7292289877448616
ACC7133,0.830647495898871
ACC7134,0.44272893949628483
ACC7135,0.33416964199556115
ACC7136,0.7388787030782592
ACC7137,0.872044774679147
ACC7138,0.8508154009456721
ACC7139,0.4302808067162019
ACC7140,0.7258515873781723
ACC7141,0.0599247322203995
ACC7142,0.6699797355977999
ACC7143,0.8568947216057127
ACC7144,0.23940943742159607
ACC7145,0.7296149763581974
ACC7146,0.6062916143973752
ACC7147,0.7431245778249541
ACC7148,0.9782881404998552
ACC7149,0.0892598668339284
ACC7150,0.3790408182958603
ACC7151,0.5010132201100067
ACC7152,0.3313712245488758
ACC7153,0.9981665540866544
ACC7154,0.6098620090707324
ACC7155,0.9807005693332047
ACC7156,0.22184695551481232
ACC7157,0.2537875132683586
ACC7158,0.20225803338801504
ACC7159,0.01524655022676831
ACC7160,0.8792820611791952
ACC7161,0.6914986007912767
ACC7162,0.9198108655794655
ACC7163,0.5712631477371417
ACC7164,0.0005789829200038599
ACC7165,0.5863167036572421
ACC7166,0.6423815497442825
ACC7167,0.15072855350767153
ACC7168,0.6102479976840683
ACC7169,0.8161729228987745
ACC7170,0.6067741001640452
ACC7171,0.9860079127665734
ACC7172,0.02759818585351732
ACC7173,0.39235742545594904
ACC7174,0.12216539612081444
ACC7175,0.8044967673453634
ACC7176,0.3122647881887484
ACC7177,0.5718421306571456
ACC7178,0.27955225320853033
ACC7179,0.29074592299527163
ACC7180,0.15314098234102094
ACC7181,0.6254945479108366
ACC7182,0.14783363890765222
ACC7183,0.739843674611599
ACC7184,0.0727588536138184
ACC7185,0.590659075557271
ACC7186,0.7477564411849851
ACC7187,0.06812699025378752
ACC7188,0.09041783267393612
ACC7189,0.6078355688507189
ACC7190,0.5356556981569044
ACC7191,0.016308018913442055
ACC7192,0.33079224162887194
ACC7193,0.7695647978384638
ACC7194,0.983691981086558
ACC7195,0.7458264981183055
ACC7196,0.6081250603107209
ACC7197,0.49879378558332527
ACC7198,0.2669111261217794
ACC7199,0.7465984753449774
ACC7200,0.3247129209688314
ACC7201,0.7323168966515488
ACC7202,0.33166071600887775
ACC7203,0.40200714078934674
ACC7204,0.25282254173501884
ACC7205,0.12843771108752292
ACC7206,0.8927916626459519
ACC7207,0.7624240084917495
ACC7208,0.2256103444948374
ACC7209,0.6793399594711956
ACC7210,0.5205056450834701
ACC7211,0.9138280420727588
ACC7212,0.28080671620187203
ACC7213,0.7171668435781144
ACC7214,0.4403165106629354
ACC7215,0.6915950979446106
ACC7216,0.19598571842130658
ACC7217,0.9358293930329056
ACC7218,0.9025378751326836
ACC7219,0.710798031458072
ACC7220,0.056933320467046224
ACC7221,0.77651259287851
ACC7222,0.15584290263437228
ACC7223,0.7664768889317766
ACC7224,0.8817909871658786
ACC7225,0.5089259866833928
ACC7226,0.14908810190099392
ACC7227,0.04554665637363698
ACC7228,0.8165589115121104
ACC7229,0.2459712438483065
ACC7230,0.21460966901476405
ACC7231,0.115700086847438
ACC7232,0.5603589694104024
ACC7233,0.5500337740036669
ACC7234,0.4892405674032616
ACC7235,0.128148219627521
ACC7236,0.6069670944707131
ACC7237,0.9542603493196951
ACC7238,0.09833059924732221
ACC7239,0.33542410498890285
ACC7240,0.059249252147061664
ACC7241,0.12708675094084723
ACC7242,0.14021036379426807
ACC7243,0.5895976068705974
ACC7244,0.7699507864517997
ACC7245,0.5834217890572229
ACC7246,0.8260156325388401
ACC7247,0.9652610247997684
ACC7248,0.9692174080864614
ACC7249,0.93399594711956
ACC7250,0.7210267297114735
ACC7251,0.02528225417350188
ACC7252,0.47997684068319985
ACC7253,0.1450352214609669
ACC7254,0.710894528611406
ACC7255,0.5729035993438194
ACC7256,0.7502653671716685
ACC7257,0.8491749493389945
ACC7258,0.05268744572035125
ACC7259,0.2661391488951076
ACC7260,0.44234295088294895
ACC7261,0.8183923574254559
ACC7262,0.24326932355495512
ACC7263,0.48152079513654344
ACC7264,0.026247225706841647
ACC7265,0.6429605326642864
ACC7266,0.8735887291324906
ACC7267,0.09244427289394963
ACC7268,0.466756730676445
ACC7269,0.9411367364662743
ACC7270,0.6131429122840876
ACC7271,0.24568175238830456
ACC7272,0.9527163948663514
ACC7273,0.3194055775354627
ACC7274,0.6260735308308405
ACC7275,0.6689182669111261
ACC7276,0.7138859403647593
ACC7277,0.4375180932162501
ACC7278,0.04892405674032616
ACC7279,0.015150053073434333
ACC7280,0.34410884878896075
ACC7281,0.3521181125156808
ACC7282,0.10730483450738203
ACC7283,0.49281096207661873
ACC7284,0.9954646337933031
ACC7285,0.7579851394383865
ACC7286,0.26671813181511145
ACC7287,0.3798127955225321
ACC7288,0.05529286886036862
ACC7289,0.8041107787320274
ACC7290,0.950593457493004
ACC7291,0.4624143587764161
ACC7292,0.4558525523497057
ACC7293,0.8437711087522918
ACC7294,0.011869149860079128
ACC7295,0.18073916819453825
ACC7296,0.9054327897327029
ACC7297,0.5157772845701052
ACC7298,0.2152851490881019
ACC7299,0.6674708096111165
ACC7300,0.21335520602142236
ACC7301,0.8447360802856315
ACC7302,0.4230435202161536
ACC7303,0.32172150921547815
ACC7304,0.5349802180835665
ACC7305,0.9312940268262087
ACC7306,0.30348354723535653
ACC7307,0.8236032037054907
ACC7308,0.87600115796584
ACC7309,0.8968445430859789
ACC7310,0.20177554762134517
ACC7311,0.2846666023352311
ACC7312,0.1573868570877159
ACC7313,0.7024027791180161
ACC7314,0.41464826787609765
ACC7315,0.5875711666505838
ACC7316,0.6937180353179582
ACC7317,0.12892019685419281
ACC7318,0.5481038309369873
ACC7319,0.2822541735018817
ACC7320,0.3391874939689279
ACC7321,0.3589694104023931
ACC7322,0.6443114928109621
ACC7323,0.5768599826305124
ACC7324,0.681559393997877
ACC7325,0.3185371031554569
ACC7326,0.7427385892116183
ACC7327,0.698156904371321
ACC7328,0.36089935346907265
ACC7329,0.3574254559490495
ACC7330,0.36668918266911127
ACC7331,0.8706938145324713
ACC7332,0.9021518865193476
ACC7333,0.6060986200907074
ACC7334,0.8250506610055003
ACC7335,0.8229277236321528
ACC7336,0.3773038695358487
ACC7337,0.9552253208530348
ACC7338,0.6364952233909099
ACC7339,0.7861623082119078
ACC7340,0.2755958699218373
ACC7341,0.3467142719289781
ACC7342,0.05519637170703464
ACC7343,0.8944321142526296
ACC7344,0.8751326835858342
ACC7345,0.22348740712148993
ACC7346,0.7879957541252534
ACC7347,0.7447650294316318
ACC7348,0.8868088391392454
ACC7349,0.9100646530927338
ACC7350,0.5831322975972208
ACC7351,0.7073241339380488
ACC7352,0.6593650487310624
ACC7353,0.6266525137508443
ACC7354,0.03618643250024124
ACC7355,0.7303869535848693
ACC7356,0.8583421789057223
ACC7357,0.12650776802084338
ACC7358,0.16829103541445528
ACC7359,0.9183634082794557
ACC7360,0.9577342468397182
ACC7361,0.004728360513364856
ACC7362,0.7544147447650295
ACC7363,0.8297790215188652
ACC7364,0.018237961980121585
ACC7365,0.5623854096304159
ACC7366,0.9557078066197047
ACC7367,0.17089645855447264
ACC7368,0.995850622406639
ACC7369,0.013992087233426613
ACC7370,0.9148895107594326
ACC7371,0.6633214320177555
ACC7372,0.39071697384927145
ACC7373,0.23419859114156133
ACC7374,0.17880922512785874
ACC7375,0.26758660619511726
ACC7376,0.8588246646723922
ACC7377,0.3992087233426614
ACC7378,0.012448132780082987
ACC7379,0.656856122744379
ACC7380,0.06310913828042072
ACC7381,0.23246164238154973
ACC7382,0.37990929267586604
ACC7383,0.309852359355399
ACC7384,0.4872141271832481
ACC7385,0.06754800733378365
ACC7386,0.8441570973656277
ACC7387,0.3174756344687832
ACC7388,0.41300781626942007
ACC7389,0.0818295860272122
ACC7390,0.9468300685129789
ACC7391,0.3685226285824568
ACC7392,0.3023255813953488
ACC7393,0.8955900800926373
ACC7394,0.13326256875422174
ACC7395,0.4000771977226672
ACC7396,0.7703367750651355
ACC7397,0.28071021904853805
ACC7398,0.35221460966901474
ACC7399,0.9971050853999807
ACC7400,0.545691402103638
ACC7401,0.20737238251471582
ACC7402,0.7915661487986104
ACC7403,0.8506224066390041
ACC7404,0.859693139052398
ACC7405,0.6219241532374795
ACC7406,0.6881212004245875
ACC7407,0.47659944031651064
ACC7408,0.3488372093023256
ACC7409,0.6451799671909678
ACC7410,0.0026054231400173696
ACC7411,0.8582456817523884
ACC7412,0.7629064942584194
ACC7413,0.027984174466853227
ACC7414,0.6300299141175335
ACC7415,0.6835858342178905
ACC7416,0.8425166457589501
ACC7417,0.7748721412718325
ACC7418,0.5676927530637846
ACC7419,0.37788285245585257
ACC7420,0.5844832577438965
ACC7421,0.6285824568175239
ACC7422,0.27086750940847243
ACC7423,0.6930425552446203
ACC7424,0.5474283508636495
ACC7425,0.6375566920775837
ACC7426,0.2721219724018141
ACC7427,0.8015053555920101
ACC7428,0.6419955611309467
ACC7429,0.13017465984753449
ACC7430,0.3492231979156615
ACC7431,0.5431824761169546
ACC7432,0.7936890861719579
ACC7433,0.4954163852166361
ACC7434,0.6534787223776899
ACC7435,0.31178230242207855
ACC7436,0.7454405095049697
ACC7437,0.6132394094374216
ACC7438,0.28447360802856314
ACC7439,0.46231786162308214
ACC7440,0.9640065618064267
ACC7441,0.7942680690919618
ACC7442,0.9359258901862395
ACC7443,0.9551288236997009
ACC7444,0.3338801505355592
ACC7445,0.07391681945382611
ACC7446,0.9470230628196468
ACC7447,0.8641320081057609
ACC7448,0.2285052590948567
ACC7449,0.8650969796391006
ACC7450,0.3784618353758564
ACC7451,0.12795522532085304
ACC7452,0.8787030782591914
ACC7453,0.3612853420824086
ACC7454,0.45093119752967287
ACC7455,0.8880633021325871
ACC7456,0.5811058573772073
ACC7457,0.9526198977130175
ACC7458,0.5934574930039563
ACC7459,0.2874650197819164
ACC7460,0.8811155070925407
ACC7461,0.8318054617388787
ACC7462,0.6812699025378751
ACC7463,0.36475923960243173
ACC7464,0.8332529190388883
ACC7465,0.03879185564025861
ACC7466,0.09765511917398437
ACC7467,0.08839139245392261
ACC7468,0.6112129692174081
ACC7469,0.8835279359258902
ACC7470,0.7625205056450834
ACC7471,0.04033581009360224
ACC7472,0.3150632056354338
ACC7473,0.43857956190292385
ACC7474,0.33571359644890475
ACC7475,0.28370163080189137
ACC7476,0.5881501495705876
ACC7477,0.1814146482678761
ACC7478,0.20544243944803628
ACC7479,0.0028949146000192996
ACC7480,0.5218566052301458
ACC7481,0.8705008202258033
ACC7482,0.10132201100067548
ACC7483,0.08704043230724694
ACC7484,0.2842806137218952
ACC7485,0.49126700762327513
ACC7486,0.9808935636398727
ACC7487,0.8205152947988035
ACC7488,0.5937469844639583
ACC7489,0.5408665444369392
ACC7490,0.39062047669593747
ACC7491,0.4077969699893853
ACC7492,0.5061275692367075
ACC7493,0.3776898581491846
ACC7494,0.6541542024510277
ACC7495,0.22078548682813856
ACC7496,0.8643250024124288
ACC7497,0.5762809997105085
ACC7498,0.3955418315159703
ACC7499,0.36929460580912865
ACC7500,0.3697770915757985
ACC7501,0.7202547524848018
ACC7502,0.4344301843095629
ACC7503,0.3163176686287755
ACC7504,0.4599054327897327
ACC7505,0.6682427868377883
ACC7506,0.3508636495223391
ACC7507,0.7264305702981763
ACC7508,0.6491363504776609
ACC7509,0.26141078838174275
ACC7510,0.995754125253305
ACC7511,0.1392453922609283
ACC7512,0.6350477660909003
ACC7513,0.6384251664575895
ACC7514,0.941908713692946
ACC7515,0.21258322879475056
ACC7516,0.7234391585448229
ACC7517,0.4177361767827849
ACC7518,0.9641030589597607
ACC7519,0.570105181897134
ACC7520,0.7682138376917881
ACC7521,0.7753546270385023
ACC7522,0.8187783460387918
ACC7523,0.706648653864711
ACC7524,0.35935539901572905
ACC7525,0.5735790794171572
ACC7526,0.4846087040432307
ACC7527,0.5954839332239699
ACC7528,0.6262665251375085
ACC7529,0.9715333397664769
ACC7530,0.28032423043520216
ACC7531,0.5113384155167423
ACC7532,0.8374022966322493
ACC7533,0.2144166747080961
ACC7534,0.9273376435395155
ACC7535,0.29180739168194536
ACC7536,0.6806909196178713
ACC7537,0.8849753932258998
ACC7538,0.3225899835954839
ACC7539,0.07304834507382033
ACC7540,0.628099971050854
ACC7541,0.5862202065039082
ACC7542,0.6916915950979446
ACC7543,0.15796584000771977
ACC7544,0.8090321335520602
ACC7545,0.16433465212776224
ACC7546,0.7866447939785777
ACC7547,0.5103734439834025
ACC7548,0.6810769082312071
ACC7549,0.09717263340731448
ACC7550,0.4530541349030204
ACC7551,0.3537585641223584
ACC7552,0.2363215285149088
ACC7553,0.6852262858245681
ACC7554,0.6212486731641417
ACC7555,0.15188651934767924
ACC7556,0.2870790311685805
ACC7557,0.8786065811058574
ACC7558,0.17543182476116956
ACC7559,0.39583132297597223
ACC7560,0.5402875615169352
ACC7561,0.3813567499758757
ACC7562,0.491749493389945
ACC7563,0.5673067644504487
ACC7564,0.7893467142719289
ACC7565,0.5664382900704429
ACC7566,0.6196082215574641
ACC7567,0.6187397471774583
ACC7568,0.7609765511917398
ACC7569,0.7470809611116472
ACC7570,0.18604651162790697
ACC7571,0.5847727492038984
ACC7572,0.28785100839525235
ACC7573,0.6467239216443115
ACC7574,0.8750361864325003
ACC7575,0.5542796487503618
ACC7576,0.42236804014281576
ACC7577,0.6409340924442729
ACC7578,0.7724597124384831
ACC7579,0.6540577052976937
ACC7580,0.50448711763003
ACC7581,0.36215381646241435
ACC7582,0.07748721412718325
ACC7583,0.409147930136061
ACC7584,0.24703271253498021
ACC7585,0.0925407700472836
ACC7586,0.4458168484029721
ACC7587,0.210749782881405
ACC7588,0.9699893853131333
ACC7589,0.7300974621248674
ACC7590,0.9443211425262955
ACC7591,0.8504294123323362
ACC7592,0.12583228794750556
ACC7593,0.2913249059152755
ACC7594,0.7906011772652707
ACC7595,0.011386664093409245
ACC7596,0.8337354048055582
ACC7597,0.4891440702499276
ACC7598,0.4383865675962559
ACC7599,0.5502267683103348
ACC7600,0.09109331274727396
ACC7601,0.49975875711666506
ACC7602,0.20023159316800154
ACC7603,0.6401621152176011
ACC7604,0.44446588825629646
ACC7605,0.537103155456914
ACC7606,0.13461352890089742
ACC7607,0.6318633600308791
ACC7608,0.40721798706938145
ACC7609,0.3591624047090611
ACC7610,0.3458457975489723
ACC7611,0.7059731737913731
ACC7612,0.2763678471485091
ACC7613,0.8620090707324134
ACC7614,0.7364662742449097
ACC7615,0.6906301264112709
ACC7616,0.549647785390331
ACC7617,0.4830647495898871
ACC7618,0.5167422561034449
ACC7619,0.39448036282929655
ACC7620,0.032230049213548204
ACC7621,0.9282061179195213
ACC7622,0.6539612081443598
ACC7623,0.015439544533436263
ACC7624,0.6622599633310817
ACC7625,0.7456335038116375
ACC7626,0.04902055389366014
ACC7627,0.4568175238830455
ACC7628,0.7421596062916144
ACC7629,0.4102093988227347
ACC7630,0.5259094856701727
ACC7631,0.4698446395831323
ACC7632,0.9799285921065328
ACC7633,0.21798706938145324
ACC7634,0.31593168001543953
ACC7635,0.6480748817909872
ACC7636,0.02335231110682235
ACC7637,0.42873685226285824
ACC7638,0.5620959181704139
ACC7639,0.23333011676155554
ACC7640,0.8972305316993149
ACC7641,0.4062530155360417
ACC7642,0.3602238733957348
ACC7643,0.5850622406639004
ACC7644,0.8672199170124482
ACC7645,0.7116665058380778
ACC7646,0.5149088101900994
ACC7647,0.090900318440606
ACC7648,0.7481424297983209
ACC7649,0.05394190871369295
ACC7650,0.04689761652031265
ACC7651,0.7125349802180836
ACC7652,0.5882466467239217
ACC7653,0.4136832963427579
ACC7654,0.6142043809707614
ACC7655,0.904950303966033
ACC7656,0.17919521374119463
ACC7657,0.570201679050468
ACC7658,0.8158834314387725
ACC7659,0.6422850525909486
ACC7660,0.2559104506417061
ACC7661,0.6940075267779601
ACC7662,0.09997105085399981
ACC7663,0.8979060117726527
ACC7664,0.4077004728360513
ACC7665,0.24317282640162116
ACC7666,0.21634661777477565
ACC7667,0.3815497442825437
ACC7668,0.27250796101515007
ACC7669,0.8094181221653961
ACC7670,0.3888835279359259
ACC7671,0.6051336485573675
ACC7672,0.8362443307922416
ACC7673,0.4074109813760494
ACC7674,0.7590466081250603
ACC7675,0.51249638135675
ACC7676,0.2785872816751906
ACC7677,0.6522242593843481
ACC7678,0.79301360609862
ACC7679,0.2247418701148316
ACC7680,0.6617774775644119
ACC7681,0.80198784135868
ACC7682,0.1255427964875036
ACC7683,0.185950014474573
ACC7684,0.7678278490784521
ACC7685,0.1350960146675673
ACC7686,0.8990639776126604
ACC7687,0.4190871369294606
ACC7688,0.1368329634275789
ACC7689,0.08520698639390138
ACC7690,0.6639969120910933
ACC7691,0.8498504294123324
ACC7692,0.7428350863649522
ACC7693,0.43500916722956673
ACC7694,0.962559104506417
ACC7695,0.7692753063784619
ACC7696,0.7694683006851298
ACC7697,0.6797259480845315
ACC7698,0.7057801794847052
ACC7699,0.37199652610247996
ACC7700,0.025185757020167905
ACC7701,0.9738492714464924
ACC7702,0.3541445527356943
ACC7703,0.9448036282929654
ACC7704,0.38492714464923283
ACC7705,0.8419376628389462
ACC7706,0.553411174370356
ACC7707,0.6173887870307826
ACC7708,0.02161536234681077
ACC7709,0.6655408665444369
ACC7710,0.7910836630319406
ACC7711,0.32307246936215384
ACC7712,0.5674032616037827
ACC7713,0.752195310238348
ACC7714,0.9947891537199652
ACC7715,0.8451220688989675
ACC7716,0.8699218373057995
ACC7717,0.2169256006947795
ACC7718,0.9045643153526971
ACC7719,0.6559876483643733
ACC7720,0.040432307246936215
ACC7721,0.5227250796101515
ACC7722,0.3336871562288912
ACC7723,0.8994499662259964
ACC7724,0.805847727492039
ACC7725,0.09939206793399595
ACC7726,0.0876194152272508
ACC7727,0.30666795329537777
ACC7728,0.5424104988902827
ACC7729,0.32442342950882946
ACC7730,0.9101611502460677
ACC7731,0.7881887484319212
ACC7732,0.048827559586992184
ACC7733,0.4446588825629644
ACC7734,0.6651548779311011
ACC7735,0.8135674997587571
ACC7736,0.5309273376435395
ACC7737,0.3137122454887581
ACC7738,0.07198687638714658
ACC7739,0.06359162404709061
ACC7740,0.38193573289587956
ACC7741,0.6855157772845701
ACC7742,0.15285149088101901
ACC7743,0.20216153623468108
ACC7744,0.735115314098234
ACC7745,0.8382707710122551
ACC7746,0.9056257840393709
ACC7747,0.9449001254462993
ACC7748,0.9157579851394384
ACC7749,0.2823506706552157
ACC7750,0.7924346231786162
ACC7751,0.727202547524848
ACC7752,0.33320467046222135
ACC7753,0.32567789250217116
ACC7754,0.9064942584193766
ACC7755,0.23950593457493005
ACC7756,0.6356267490109042
ACC7757,0.8916336968059442
ACC7758,0.9476985428929846
ACC7759,0.4764064460098427
ACC7760,0.5297693718035318
ACC7761,0.607353083084049
ACC7762,0.06195117244041301
ACC7763,0.36427675383576186
ACC7764,0.5545691402103637
ACC7765,0.48991604747659945
ACC7766,0.22377689858149186
ACC7767,0.5056450834700377
ACC7768,0.7197722667181318
ACC7769,0.4412814821962752
ACC7770,0.8024703271253498
ACC7771,0.2033195020746888
ACC7772,0.4950303966033002
ACC7773,0.7847148509118981
ACC7774,0.6935250410112902
ACC7775,0.12920968831419474
ACC7776,0.9267586606195117
ACC7777,0.9225127858728167
ACC7778,0.7380102286982534
ACC7779,0.8639390137990929
ACC7780,0.37923381260252825
ACC7781,0.6945865096979639
ACC7782,0.03290552928688604
ACC7783,0.40345459808935635
ACC7784,0.9605326642864036
ACC7785,0.7961980121586413
ACC7786,0.7213162211714754
ACC7787,0.7690823120717939
ACC7788,0.00028949146000192995
ACC7789,0.9719193283798128
ACC7790,0.19395927820129305
ACC7791,0.7987069381453247
ACC7792,0.43375470423622503
ACC7793,0.3805847727492039
ACC7794,0.3939978770626267
ACC7795,0.3202740519154685
ACC7796,0.6312843771108753
ACC7797,0.9928592106532858
ACC7798,0.42217504583614784
ACC7799,0.19183634082794557
ACC7800,0.7144649232847631
ACC7801,0.8478239891923188
ACC7802,0.3148702113287658
ACC7803,0.08086461449387243
ACC7804,0.5206986393901379
ACC7805,0.7863553025185757
ACC7806,0.5238830454501592
ACC7807,0.35433754704236226
ACC7808,0.8173308887387822
ACC7809,0.7533532760783557
ACC7810,0.047476599440316514
ACC7811,0.6295474283508636
ACC7812,0.03859886133359066
ACC7813,0.16047476599440316
ACC7814,0.7162983691981086
ACC7815,0.39226092830261505
ACC7816,0.004052880440027019
ACC7817,0.8675094084724501
ACC7818,0.7986104409919907
ACC7819,0.5501302711570009
ACC7820,0.7835568850718904
ACC7821,0.5904660812506031
ACC7822,0.739747177458265
ACC7823,0.8037247901186915
ACC7824,0.23255813953488372
ACC7825,0.3250989095821673
ACC7826,0.5519637170703464
ACC7827,0.7715912380584773
ACC7828,0.03994982148026633
ACC7829,0.24018141464826787
ACC7830,0.5217601080768117
ACC7831,0.04448518768696323
ACC7832,0.9787706262665251
ACC7833,0.18691498600791276
ACC7834,0.016018527453440123
ACC7835,0.3186336003087909
ACC7836,0.4135867991894239
ACC7837,0.27540287561516935
ACC7838,0.014860561613432403
ACC7839,0.31708964585544724
ACC7840,0.9328379812795523
ACC7841,0.9620766187397471
ACC7842,0.2370935057415806
ACC7843,0.7880922512785873
ACC7844,0.5099874553700666
ACC7845,0.5939399787706263
ACC7846,0.25021711859500145
ACC7847,0.7513268358583421
ACC7848,0.003087908906687253
ACC7849,0.22493486442149957
ACC7850,0.017079996140113865
ACC7851,0.5719386278104795
ACC7852,0.2859210653285728
ACC7853,0.8681848885457879
ACC7854,0.6192222329441281
ACC7855,0.6221171475441475
ACC7856,0.8095146193187301
ACC7857,0.1793882080478626
ACC7858,0.3564604844157097
ACC7859,0.5799478915371996
ACC7860,0.2599633310817331
ACC7861,0.8892212679725948
ACC7862,0.5363311782302422
ACC7863,0.5516742256103445
ACC7864,0.6686287754511242
ACC7865,0.9236707517128244
ACC7866,0.09283026150728553
ACC7867,0.34854771784232363
ACC7868,0.9641995561130947
ACC7869,0.20341599922802278
ACC7870,0.0859789636205732
ACC7871,0.03599343819357329
ACC7872,0.03483547235356557
ACC7873,0.9783846376531893
ACC7874,0.02991411753353276
ACC7875,0.13046415130753644
ACC7876,0.8236997008588247
ACC7877,0.7114735115314098
ACC7878,0.7466949724983113
ACC7879,0.7082891054713886
ACC7880,0.7333783653382225
ACC7881,0.896651548779311
ACC7882,0.12177940750747852
ACC7883,0.14136832963427579
ACC7884,0.39862974042265753
ACC7885,0.13789443211425262
ACC7886,0.7417736176782785
ACC7887,0.888159799285921
ACC7888,0.6153623468107691
ACC7889,0.4543085978963621
ACC7890,0.47582746308983886
ACC7891,0.3360995850622407
ACC7892,0.12621827656084145
ACC7893,0.6458554472643057
ACC7894,0.9524269034063495
ACC7895,0.37054906880247035
ACC7896,0.5293833831901958
ACC7897,0.11830550998745537
ACC7898,0.36186432500241245
ACC7899,0.9604361671330696
ACC7900,0.896941040239313
ACC7901,0.6225996333108174
ACC7902,0.9722088198398148
ACC7903,0.6909196178712728
ACC7904,0.8877738106725852
ACC7905,0.8790890668725273
ACC7906,0.12081443597413877
ACC7907,0.8004438869053363
ACC7908,0.801601852745344
ACC7909,0.7344398340248963
ACC7910,0.6917880922512786
ACC7911,0.6494258419376628
ACC7912,0.21489916047476598
ACC7913,0.34179291710894527
ACC7914,0.9952716394866351
ACC7915,0.16018527453440123
ACC7916,0.36070635916240473
ACC7917,0.8581491845990543
ACC7918,0.3566534787223777
ACC7919,0.5810093602238734
ACC7920,0.02103637942680691
ACC7921,0.516356267490109
ACC7922,0.2921933802952813
ACC7923,0.3829972015825533
ACC7924,0.8373057994789154
ACC7925,0.21740808646144938
ACC7926,0.4354916529962366
ACC7927,0.09649715333397665
ACC7928,0.9691209109331275
ACC7929,0.508057512303387
ACC7930,0.2837981279552253
ACC7931,0.5047766090900319
ACC7932,0.3644697481424298
ACC7933,0.46965164527646436
ACC7934,0.5682717359837884
ACC7935,0.12226189327414841
ACC7936,0.7816269420052109
ACC7937,0.30512399884203417
ACC7938,0.19550323265463668
ACC7939,0.8325774389655505
ACC7940,0.17736176782784907
ACC7941,0.3991122261893274
ACC7942,0.01650101322011001
ACC7943,0.8494644407989964
ACC7944,0.2835086364952234
ACC7945,0.06658303580044389
ACC7946,0.44108848788960725
ACC7947,0.8673164141657821
ACC7948,0.5525426999903503
ACC7949,0.7014378075846762
ACC7950,0.8376917880922513
ACC7951,0.6722956672778153
ACC7952,0.06301264112708675
ACC7953,0.908906687252726
ACC7954,0.7140789346714272
ACC7955,0.8611405963524076
ACC7956,0.31168580526874456
ACC7957,0.8036282929653575
ACC7958,0.586799189423912
ACC7959,0.8795715526391972
ACC7960,0.8470520119656471
ACC7961,0.5529286886036862
ACC7962,0.4705201196564701
ACC7963,0.9125735790794172
ACC7964,0.05095049696033967
ACC7965,0.008202258033388015
ACC7966,0.9024413779793496
ACC7967,0.6255910450641706
ACC7968,0.38955900800926374
ACC7969,0.4203415999228023
ACC7970,0.8589211618257261
ACC7971,0.5261024799768407
ACC7972,0.92598668339284
ACC7973,0.11753353276078356
ACC7974,0.27376242400849177
ACC7975,0.8569912187590466
ACC7976,0.40316510662935445
ACC7977,0.4483257743896555
ACC7978,0.665251375084435
ACC7979,0.4153237479494355
ACC7980,0.37083856026247225
ACC7981,0.04342371900028949
ACC7982,0.18942391199459616
ACC7983,0.8432886229856219
ACC7984,0.2433658207082891
ACC7985,0.5308308404902056
ACC7986,0.896748045932645
ACC7987,0.6459519444176397
ACC7988,0.08269806040721799
ACC7989,0.5197336678567982
ACC7990,0.570298176203802
ACC7991,0.7083856026247226
ACC7992,0.3663031940557753
ACC7993,0.6177747756441185
ACC7994,0.8034352986586896
ACC7995,0.6877352118112515
ACC7996,0.1680980411077873
ACC7997,0.822059249252147
ACC7998,0.20602142236804014
ACC7999,0.686191257357908
ACC8000,0.44243944803628293
ACC8001,0.23564604844157097
ACC8002,0.43085978963620575
ACC8003,0.834410884878896
ACC8004,0.9434526681462897
ACC8005,0.62800347389752
ACC8006,0.5472353565569815
ACC8007,0.636302229084242
ACC8008,0.8626845508057512
ACC8009,0.7567306764450449
ACC8010,0.9082312071793882
ACC8011,0.2351635626749011
ACC8012,0.028949146000192993
ACC8013,0.3491267007623275
ACC8014,0.2923863746019492
ACC8015,0.2074688796680498
ACC8016,0.8783170896458554
ACC8017,0.40692849560937955
ACC8018,0.44890475730965934
ACC8019,0.5093119752967288
ACC8020,0.4352021615362347
ACC8021,0.4807488179098717
ACC8022,0.7514233330116762
ACC8023,0.5521567113770144
ACC8024,0.9837884782398919
ACC8025,0.36543471967576957
ACC8026,0.8486924635723246
ACC8027,0.005789829200038599
ACC8028,0.4867316414165782
ACC8029,0.037923381260252825
ACC8030,0.01293061854675287
ACC8031,0.5687542217504583
ACC8032,0.1182090128341214
ACC8033,0.022966322493486444
ACC8034,0.40104216925600694
ACC8035,0.03309852359355399
ACC8036,0.0640741098137605
ACC8037,0.4054810383093699
ACC8038,0.9558043037730387
ACC8039,0.9820515294798804
ACC8040,0.5869921837305799
ACC8041,0.07903116858052688
ACC8042,0.7085785969313905
ACC8043,0.14156132394094373
ACC8044,0.6874457203512496
ACC8045,0.9095821673260639
ACC8046,0.4692656566631284
ACC8047,0.8294895300588633
ACC8048,0.5316993148702114
ACC8049,0.17649329344784329
ACC8050,0.8020843385120139
ACC8051,0.33532760783556886
ACC8052,0.6753835761845025
ACC8053,0.47910836630319403
ACC8054,0.44398340248962653
ACC8055,0.979156614879861
ACC8056,0.834796873492232
ACC8057,0.4979253112033195
ACC8058,0.3703560744958024
ACC8059,0.7030782591913538
ACC8060,0.041879764546945863
ACC8061,0.5969313905239796
ACC8062,0.6434430184309563
ACC8063,0.14098234102093987
ACC8064,0.13644697481424298
ACC8065,0.8924056740326161
ACC8066,0.13442053459422948
ACC8067,0.2078548682813857
ACC8068,0.611598957830744
ACC8069,0.4491942487696613
ACC8070,0.5450159220303001
ACC8071,0.6253980507575027
ACC8072,0.33059924732220397
ACC8073,0.2259963331081733
ACC8074,0.7593360995850622
ACC8075,0.673839621731159
ACC8076,0.4934864421499566
ACC8077,0.40982341020939883
ACC8078,0.7001833445913346
ACC8079,0.843192125832288
ACC8080,0.045064170606967095
ACC8081,0.3726720061758178
ACC8082,0.5551481231303677
ACC8083,0.9642960532664286
ACC8084,0.4425359451896169
ACC8085,0.9188458940461256
ACC8086,0.7572131622117148
ACC8087,0.983884975393226
ACC8088,0.198398147254656
ACC8089,0.3045450159220303
ACC8090,0.9891923188265946
ACC8091,0.34227540287561514
ACC8092,0.9764546945865097
ACC8093,0.1644311492810962
ACC8094,0.08260156325388401
ACC8095,0.210846280034739
ACC8096,0.4011386664093409
ACC8097,0.6268455080575123
ACC8098,0.17871272797452475
ACC8099,0.9052397954260349
ACC8100,0.6378461835375856
ACC8101,0.1950207468879668
ACC8102,0.8449290745922995
ACC8103,0.6018527453440123
ACC8104,0.8832384444658883
ACC8105,0.5558236032037055
ACC8106,0.46762520505645083
ACC8107,0.7297114735115314
ACC8108,0.7501688700183344
ACC8109,0.2011965647013413
ACC8110,0.9757792145131718
ACC8111,0.1912573579079417
ACC8112,0.5710701534304738
ACC8113,0.4001736948760012
ACC8114,0.21345170317475634
ACC8115,0.9278201293061855
ACC8116,0.4179291710894529
ACC8117,0.9436456624529577
ACC8118,0.8384637653189231
ACC8119,0.793592589018624
ACC8120,0.8172343915854482
ACC8121,0.1962752098813085
ACC8122,0.8230242207854869
ACC8123,0.239698928881598
ACC8124,0.04911705104699411
ACC8125,0.21875904660812506
ACC8126,0.6292579368908617
ACC8127,0.4779504004631863
ACC8128,0.7939785776319599
ACC8129,0.4601949242497346
ACC8130,0.21248673164141657
ACC8131,0.1388594036475924
ACC8132,0.7858728167519058
ACC8133,0.3371610537489144
ACC8134,0.06561806426710412
ACC8135,0.37865482968252434
ACC8136,0.9703753739264692
ACC8137,0.9603396699797356
ACC8138,0.13992087233426614
ACC8139,0.2736659268551578
ACC8140,0.917205442439448
ACC8141,0.673646627424491
ACC8142,0.44774679146965163
ACC8143,0.1416578210942777
ACC8144,0.48856508732992376
ACC8145,0.9431631766862878
ACC8146,0.13625398050757503
ACC8147,0.8342178905722282
ACC8148,0.07353083084049021
ACC8149,0.0822155746405481
ACC8150,0.09331274727395542
ACC8151,0.6690147640644601
ACC8152,0.30637846183537587
ACC8153,0.5169352504101129
ACC8154,0.10363794268069092
ACC8155,0.8185853517321239
ACC8156,0.2889124770819261
ACC8157,0.3699700858824665
ACC8158,0.9146000192994307
ACC8159,0.3278008298755187
ACC8160,0.34439834024896265
ACC8161,0.44494837402296633
ACC8162,0.5154877931101033
ACC8163,0.42487696612949916
ACC8164,0.5731930908038213
ACC8165,0.2995271639486635
ACC8166,0.1624047090610827
ACC8167,0.3903309852359355
ACC8168,0.7723632152851491
ACC8169,0.3550130271157001
ACC8170,0.9449966225996334
ACC8171,0.7782495416385217
ACC8172,0.02827366592685516
ACC8173,0.8299720158255331
ACC8174,0.3686191257357908
ACC8175,0.49396892791662644
ACC8176,0.034642478046897615
ACC8177,0.3987262375759915
ACC8178,0.17977419666119848
ACC8179,0.08810190099392068
ACC8180,0.8061372189520409
ACC8181,0.8309369873588729
ACC8182,0.3977612660426517
ACC8183,0.7558622020650391
ACC8184,0.030300106146868667
ACC8185,0.4714850911898099
ACC8186,0.5104699411367365
ACC8187,0.5891151211039274
ACC8188,0.9313905239795426
ACC8189,0.40075267779600504
ACC8190,0.9859114156132394
ACC8191,0.6647688893177651
ACC8192,0.39718228312264786
ACC8193,0.15468493679436457
ACC8194,0.44765029431631764
ACC8195,0.008298755186721992
ACC8196,0.491942487696613
ACC8197,0.7088680883913925
ACC8198,0.8319984560455467
ACC8199,0.6061951172440413
ACC8200,0.6567596255910451
ACC8201,0.37740036668918264
ACC8202,0.5215671137701438
ACC8203,0.5614204380970761
ACC8204,0.19772266718131815
ACC8205,0.8194538261121297
ACC8206,0.5338222522435588
ACC8207,0.0921547814339477
ACC8208,0.28524558525523497
ACC8209,0.6194152272507961
ACC8210,0.19405577535462704
ACC8211,0.5469458650969796
ACC8212,0.7834603879185564
ACC8213,0.3588729132490592
ACC8214,0.023255813953488372
ACC8215,0.9187493968927917
ACC8216,0.2227154298948181
ACC8217,0.8122165396120814
ACC8218,0.8609476020457396
ACC8219,0.5979928592106533
ACC8220,0.30801891344205345
ACC8221,0.2883334941619222
ACC8222,0.8595966418990639
ACC8223,0.010325195406735502
ACC8224,0.8960725658593072
ACC8225,0.07989964296053266
ACC8226,0.9770336775065136
ACC8227,0.3078259191353855
ACC8228,0.21142526295474284
ACC8229,0.14821962752098813
ACC8230,0.0384058670269227
ACC8231,0.11782302422078549
ACC8232,0.38579561902923865
ACC8233,0.7251761073048345
ACC8234,0.2145131718614301
ACC8235,0.309755862202065
ACC8236,0.7497828814049986
ACC8237,0.9115121103927434
ACC8238,0.37575991508250506
ACC8239,0.8483064749589887
ACC8240,0.8408761941522725
ACC8241,0.33899449966226
ACC8242,0.18315159702788766
ACC8243,0.9418122165396121
ACC8244,0.05838077776705587
ACC8245,0.009263726720061758
ACC8246,0.24683971822831227
ACC8247,0.37826884106918846
ACC8248,0.001929943066679533
ACC8249,0.41802566824278686
ACC8250,0.06822348740712149
ACC8251,0.16501013220110006
ACC8252,0.7954260349319695
ACC8253,0.49753932258998357
ACC8254,0.34024896265560167
ACC8255,0.9487600115796584
ACC8256,0.45604554665637365
ACC8257,0.01785197336678568
ACC8258,0.5302518575702017
ACC8259,0.47003763388980024
ACC8260,0.8416481713789443
ACC8261,0.3173791373154492
ACC8262,0.3744089549358294
ACC8263,0.14812313036765415
ACC8264,0.1475441474476503
ACC8265,0.5601659751037344
ACC8266,0.7530637846183538
ACC8267,0.9743317572131622
ACC8268,0.6316703657242111
ACC8269,0.20688989674804592
ACC8270,0.7505548586316704
ACC8271,0.545884396410306
ACC8272,0.9867798899932452
ACC8273,0.19444176396796295
ACC8274,0.7192897809514619
ACC8275,0.9789636205731931
ACC8276,0.7196757695647978
ACC8277,0.545305413490302
ACC8278,0.4656952619897713
ACC8279,0.18170413972787802
ACC8280,0.6380391778442536
ACC8281,0.6864807488179099
ACC8282,0.6837788285245585
ACC8283,0.8313229759722088
ACC8284,0.19038888352793593
ACC8285,0.24577824954163852
ACC8286,0.6190292386374602
ACC8287,0.13963138087426422
ACC8288,0.42130657145614203
ACC8289,0.41754318247611694
ACC8290,0.9374698446395832
ACC8291,0.326353372575509
ACC8292,0.7992859210653286
ACC8293,0.11058573772073724
ACC8294,0.42342950882948954
ACC8295,0.7007623275113384
ACC8296,0.12255138473415034
ACC8297,0.5397085785969314
ACC8298,0.8597896362057319
ACC8299,0.4838367268165589
ACC8300,0.09736562771398244
ACC8301,0.01495705876676638
ACC8302,0.6967094470713114
ACC8303,0.005886326353372576
ACC8304,0.9862009070732414
ACC8305,0.30898388497539325
ACC8306,0.8457975489723053
ACC8307,0.5541831515970279
ACC8308,0.4742835086364952
ACC8309,0.7159123805847728
ACC8310,0.41455177072276367
ACC8311,0.8984849946926565
ACC8312,0.9911222618932741
ACC8313,0.20360899353469072
ACC8314,0.45382611212969215
ACC8315,0.18836244330792243
ACC8316,0.8644214995657629
ACC8317,0.8531313326256875
ACC8318,0.41377979349609184
ACC8319,0.7288429991315256
ACC8320,0.22483836726816558
ACC8321,0.053459422947023064
ACC8322,0.9864903985332433
ACC8323,0.46251085592975005
ACC8324,0.6603300202644022
ACC8325,0.36302229084242016
ACC8326,0.6842613142912284
ACC8327,0.871658786065811
ACC8328,0.6082215574640548
ACC8329,0.9163369680594422
ACC8330,0.9111261217794075
ACC8331,0.21789057222811928
ACC8332,0.0979446106339863
ACC8333,0.5014957058766767
ACC8334,0.2012930618546753
ACC8335,0.586702692270578
ACC8336,0.024317282640162117
ACC8337,0.9972015825533147
ACC8338,0.2719289780951462
ACC8339,0.12370935057415806
ACC8340,0.42979832094953196
ACC8341,0.8646144938724307
ACC8342,0.434044195696227
ACC8343,0.7418701148316125
ACC8344,0.14223680401428157
ACC8345,0.6740326160378269
ACC8346,0.6506803049310045
ACC8347,0.4114638618160764
ACC8348,0.20669690244137798
ACC8349,0.052301457107015344
ACC8350,0.28119270481520797
ACC8351,0.003859886133359066
ACC8352,0.45749300395638326
ACC8353,0.256296439255042
ACC8354,0.39351539129595675
ACC8355,0.3660137025957734
ACC8356,0.657338608511049
ACC8357,0.09051432982727009
ACC8358,0.7618450255717456
ACC8359,0.7642574544050951
ACC8360,0.5757985139438386
ACC8361,0.21296921740808647
ACC8362,0.3309852359355399
ACC8363,0.2228119270481521
ACC8364,0.342950882948953
ACC8365,0.12390234488082602
ACC8366,0.5675962559104506
ACC8367,0.13258708868088392
ACC8368,0.5046801119366978
ACC8369,0.05616134324037441
ACC8370,0.8648074881790987
ACC8371,0.8837209302325582
ACC8372,0.9013799092926759
ACC8373,0.35443404419569624
ACC8374,0.4389655505162598
ACC8375,0.6179677699507865
ACC8376,0.5295763774968638
ACC8377,0.6501013220110007
ACC8378,0.6665058380777767
ACC8379,0.24500627231496672
ACC8380,0.3712245488758082
ACC8381,0.557850043423719
ACC8382,0.33986297404226573
ACC8383,0.6152658496574351
ACC8384,0.9120910933127473
ACC8385,0.16298369198108656
ACC8386,0.39978770626266524
ACC8387,0.5933609958506224
ACC8388,0.9698928881597992
ACC8389,0.3397664768889318
ACC8390,0.475151983016501
ACC8391,0.18373057994789155
ACC8392,0.18025668242786838
ACC8393,0.3367750651355785
ACC8394,0.7929171089452861
ACC8395,0.5332432693235549
ACC8396,0.2170220978481135
ACC8397,0.22358390427482389
ACC8398,0.37942680690919617
ACC8399,0.669400752677796
ACC8400,0.1223583904274824
ACC8401,0.5341117437035607
ACC8402,0.6691112612177941
ACC8403,0.42593843481617294
ACC8404,0.09456721026729711
ACC8405,0.2334266139148895
ACC8406,0.20380198784135867
ACC8407,0.119849464440799
ACC8408,0.3586799189423912
ACC8409,0.6814628968445431
ACC8410,0.8765801408858439
ACC8411,0.9798320949531989
ACC8412,0.8522628582456817
ACC8413,0.3401524655022677
ACC8414,0.4023931294026826
ACC8415,0.25803338801505354
ACC8416,0.8661584483257744
ACC8417,0.2776223101418508
ACC8418,0.13586799189423912
ACC8419,0.04786258805365242
ACC8420,0.9001254462993342
ACC8421,0.9196178712727975
ACC8422,0.35395155842902637
ACC8423,0.18498504294123325
ACC8424,0.5190581877834604
ACC8425,0.42458747466949726
ACC8426,0.08887387822059249
ACC8427,0.528804400270192
ACC8428,0.1963717070346425
ACC8429,0.8248576666988324
ACC8430,0.562192415323748
ACC8431,0.7508443500916723
ACC8432,0.6160378268841069
ACC8433,0.6481713789443212
ACC8434,0.044195696226961304
ACC8435,0.942101707999614
ACC8436,0.7324133938048828
ACC8437,0.23690051143491267
ACC8438,0.4275788864228505
ACC8439,0.3400559683489337
ACC8440,0.19058187783460387
ACC8441,0.7145614204380971
ACC8442,0.11705104699411367
ACC8443,0.014281578693428543
ACC8444,0.3151597027887677
ACC8445,0.30599247322203993
ACC8446,0.32075653768213835
ACC8447,0.8730097462124867
ACC8448,0.9898677988999325
ACC8449,0.7820129306185467
ACC8450,0.8154009456721026
ACC8451,0.4556595580430377
ACC8452,0.7101225513847341
ACC8453,0.7604940654250699
ACC8454,0.475344977323169
ACC8455,0.6449869728843
ACC8456,0.8167519058187783
ACC8457,0.6220206503908134
ACC8458,0.2707710122551385
ACC8459,0.5630608897037538
ACC8460,0.40731448422271543
ACC8461,0.9444176396796294
ACC8462,0.8345073820322301
ACC8463,0.33195020746887965
ACC8464,0.7821094277718807
ACC8465,0.8403937083856027
ACC8466,0.16375566920775836
ACC8467,0.06629354434044196
ACC8468,0.966804979253112
ACC8469,0.6887966804979253
ACC8470,0.6624529576377497
ACC8471,0.2910354144552736
ACC8472,0.49377593360995853
ACC8473,0.47080961111647207
ACC8474,0.4049985525427
ACC8475,0.7798899932451993
ACC8476,0.297404226575316
ACC8477,0.8032423043520216
ACC8478,0.5894046125639294
ACC8479,0.08684743800057898
ACC8480,0.8736852262858246
ACC8481,0.17176493293447842
ACC8482,0.96699797355978
ACC8483,0.6511627906976745
ACC8484,0.5476213451703175
ACC8485,0.019106436360127377
ACC8486,0.8219627520988131
ACC8487,0.8169449001254463
ACC8488,0.8959760687059731
ACC8489,0.9098716587860658
ACC8490,0.2806137218952041
ACC8491,0.0611791952137412
ACC8492,0.9720158255331468
ACC8493,0.19974910740133167
ACC8494,0.6537682138376918
ACC8495,0.5547621345170317
ACC8496,0.35424104988902827
ACC8497,0.6739361188844929
ACC8498,0.9361188844929075
ACC8499,0.520602142236804
ACC8500,0.4038405867026923
ACC8501,0.5965454019106436
ACC8502,0.39592782012930616
ACC8503,0.5835182862105568
ACC8504,0.5234005596834893
ACC8505,0.9610151500530735
ACC8506,0.8111550709254077
ACC8507,0.9817620380198784
ACC8508,0.3852166361092348
ACC8509,0.19801215864132007
ACC8510,0.47988034352986586
ACC8511,0.7330888738782206
ACC8512,0.9718228312264788
ACC8513,0.30300106146868666
ACC8514,0.49647785390330984
ACC8515,0.40355109524269034
ACC8516,0.756441184985043
ACC8517,0.9539708578596932
ACC8518,0.4226575316028177
ACC8519,0.9141175335327608
ACC8520,0.888449290745923
ACC8521,0.5479108366303194
ACC8522,0.6688217697577922
ACC8523,0.35568850718903794
ACC8524,0.3651452282157676
ACC8525,0.0570298176203802
ACC8526,0.4765029431631767
ACC8527,0.9944031651066294
ACC8528,0.26806909196178713
ACC8529,0.17388787030782593
ACC8530,0.5111454212100743
ACC8531,0.5899835954839332
ACC8532,0.6327318344108849
ACC8533,0.6549261796776995
ACC8534,0.17668628775451123
ACC8535,0.6109234777574062
ACC8536,0.1661680980411078
ACC8537,0.9384348161729229
ACC8538,0.7186143008781241
ACC8539,0.5931680015439544
ACC8540,0.7689858149184599
ACC8541,0.5782109427771881
ACC8542,0.9597606870597317
ACC8543,0.5854482292772363
ACC8544,0.6657338608511049
ACC8545,0.14638618160764258
ACC8546,0.8882562964392551
ACC8547,0.5035221460966901
ACC8548,0.5482003280903214
ACC8549,0.3747949435491653
ACC8550,0.5201196564701341
ACC8551,0.32423043520216155
ACC8552,0.7139824375180932
ACC8553,0.5642188555437615
ACC8554,0.9222232944128148
ACC8555,0.3751809321625012
ACC8556,0.05075750265367172
ACC8557,0.006272314966708482
ACC8558,0.09196178712727975
ACC8559,0.47457300009649717
ACC8560,0.479397857763196
ACC8561,0.5985718421306572
ACC8562,0.8279455756055196
ACC8563,0.06204766959374698
ACC8564,0.7795040046318633
ACC8565,0.8958795715526392
ACC8566,0.7279745247515198
ACC8567,0.22589983595483934
ACC8568,0.6087040432307247
ACC8569,0.27260445816848405
ACC8570,0.21432017755476213
ACC8571,0.4695551481231304
ACC8572,0.20756537682138376
ACC8573,0.8303580044388691
ACC8574,0.2008105760880054
ACC8575,0.6630319405577535
ACC8576,0.46087040432307247
ACC8577,0.03271253498021808
ACC8578,0.49744282543664964
ACC8579,0.9636205731930908
ACC8580,0.1491845990543279
ACC8581,0.06069670944707131
ACC8582,0.04979253112033195
ACC8583,0.9280131236128534
ACC8584,0.4116568561227444
ACC8585,0.49252147061661683
ACC8586,0.946444079899643
ACC8587,0.3952523400559684
ACC8588,0.14773714175431824
ACC8589,0.05307343433368716
ACC8590,0.5399015729035993
ACC8591,0.5872816751905818
ACC8592,0.08559297500723728
ACC8593,0.10267297114735115
ACC8594,0.14069284956093794
ACC8595,0.2421113577149474
ACC8596,0.9980700569333205
ACC8597,0.8010228698253401
ACC8598,0.4557560551963717
ACC8599,0.42333301167615556
ACC8600,0.8935636398726238
ACC8601,0.11087522918073917
ACC8602,0.7122454887580817
ACC8603,0.6596545401910644
ACC8604,0.5849657435105664
ACC8605,0.32336196082215574
ACC8606,0.4329827270095532
ACC8607,0.5434719675769565
ACC8608,0.6772170220978481
ACC8609,0.5613239409437422
ACC8610,0.8340248962655602
ACC8611,0.8889317765125929
ACC8612,0.3172826401621152
ACC8613,0.16134324037440895
ACC8614,0.5750265367171669
ACC8615,0.9224162887194828
ACC8616,0.462703850236418
ACC8617,0.4408954935829393
ACC8618,0.3311782302422078
ACC8619,0.14841262182765608
ACC8620,0.7539322589983596
ACC8621,0.8950110971726334
ACC8622,0.7977419666119849
ACC8623,0.9822445237865483
ACC8624,0.7611695454984078
ACC8625,0.16221171475441473
ACC8626,0.8268841069188458
ACC8627,0.9778056547331854
ACC8628,0.12756923670751713
ACC8629,0.8939496284859597
ACC8630,0.6645758950110972
ACC8631,0.28167519058187784
ACC8632,0.024896265560165973
ACC8633,0.541542024510277
ACC8634,0.76850332915179
ACC8635,0.5490688024703271
ACC8636,0.15806233716105375
ACC8637,0.0541349030203609
ACC8638,0.5763774968638425
ACC8639,0.39361188844929074
ACC8640,0.3964103058959761
ACC8641,0.4219820515294799
ACC8642,0.5241725369101612
ACC8643,0.7266235646048441
ACC8644,0.7262375759915083
ACC8645,0.47505548586316704
ACC8646,0.5771494740905143
ACC8647,0.09948856508732992
ACC8648,0.13268358583421788
ACC8649,0.7735211811251568
ACC8650,0.9291710894528611
ACC8651,0.09601466756730677
ACC8652,0.9271446492328477
ACC8653,0.7962945093119753
ACC8654,0.7827849078452186
ACC8655,0.17475634468783172
ACC8656,0.8084531506320564
ACC8657,0.2582263823217215
ACC8658,0.9748142429798321
ACC8659,0.8278490784521857
ACC8660,0.805751230338705
ACC8661,0.5368136639969121
ACC8662,0.9543568464730291
ACC8663,0.1329730772942198
ACC8664,0.1598957830743993
ACC8665,0.7208337354048056
ACC8666,0.22319791566148797
ACC8667,0.3474862491556499
ACC8668,0.7745826498118306
ACC8669,0.5886326353372575
ACC8670,0.8027598185853517
ACC8671,0.9301360609862009
ACC8672,0.8693428543857956
ACC8673,0.8662549454791084
ACC8674,0.813953488372093
ACC8675,0.8013123612853421
ACC8676,0.7293254848981955
ACC8677,0.6457589501109717
ACC8678,0.6557946540577053
ACC8679,0.9939206793399594
ACC8680,0.047669593746984464
ACC8681,0.6902441377979349
ACC8682,0.4618353758564122
ACC8683,0.01727299044678182
ACC8684,0.9241532374794944
ACC8685,0.19067837498793785
ACC8686,0.3601273762424009
ACC8687,0.6908231207179388
ACC8688,0.19222232944128148
ACC8689,0.6387146579175914
ACC8690,0.48480169834989867
ACC8691,0.9262761748528419
ACC8692,0.1876869632345846
ACC8693,0.6330213258708868
ACC8694,0.884203415999228
ACC8695,0.7792145131718614
ACC8696,0.2053459422947023
ACC8697,0.9685419280131237
ACC8698,0.09929557078066197
ACC8699,0.1660716008877738
ACC8700,0.8125060310720834
ACC8701,0.03975682717359838
ACC8702,0.6640934092444273
ACC8703,0.2523400559683489
ACC8704,0.9941136736466274
ACC8705,0.822348740712149
ACC8706,0.4272893949628486
ACC8707,0.15757985139438385
ACC8708,0.9717263340731448
ACC8709,0.9979735597799865
ACC8710,0.24162887194827753
ACC8711,0.4067355013027116
ACC8712,0.1297886712341986
ACC8713,0.5713596448904757
ACC8714,0.5641223583904275
ACC8715,0.45730000964971534
ACC8716,0.32799382418218664
ACC8717,0.1053748914407025
ACC8718,0.9809900607932066
ACC8719,0.6659268551577728
ACC8720,0.8026633214320178
ACC8721,0.5616134324037441
ACC8722,0.6771205249445141
ACC8723,0.21190774872141271
ACC8724,0.863553025185757
ACC8725,0.9103541445527357
ACC8726,0.043037730386953583
ACC8727,0.2871755283219145
ACC8728,0.5096979639100646
ACC8729,0.8018913442053459
ACC8730,0.34478432886229854
ACC8731,0.7772845701051819
ACC8732,0.954839332239699
ACC8733,0.6154588439641031
ACC8734,0.5066100550033774
ACC8735,0.017755476213451703
ACC8736,0.6226961304641513
ACC8737,0.7182283122647882
ACC8738,0.8444465888256296
ACC8739,0.5420245102769469
ACC8740,0.8679918942391199
ACC8741,0.8523593553990158
ACC8742,0.5918170413972788
ACC8743,0.805944224645373
ACC8744,0.8633600308790891
ACC8745,0.1631766862877545
ACC8746,0.5927820129306185
ACC8747,0.2157676348547718
ACC8748,0.6671813181511146
ACC8749,0.22049599536813663
ACC8750,0.028563157386857087
ACC8751,0.05857377207372382
ACC8752,0.975103734439834
ACC8753,0.7012448132780082
ACC8754,0.5506127569236707
ACC8755,0.19965261024799769
ACC8756,0.42738589211618255
ACC8757,0.181897134034546
ACC8758,0.33735404805558233
ACC8759,0.7804689761652032
ACC8760,0.3405384541156036
ACC8761,0.34324037440895494
ACC8762,0.4404130078162694
ACC8763,0.8008298755186722
ACC8764,0.5972208819839815
ACC8765,0.5092154781433947
ACC8766,0.7700472836051336
ACC8767,0.73550130271157
ACC8768,0.18952040914793014
ACC8769,0.010711184020071408
ACC8770,0.6432500241242883
ACC8771,0.7040432307246937
ACC8772,0.18402007140789348
ACC8773,0.6207661873974718
ACC8774,0.904853806812699
ACC8775,0.2912284087619415
ACC8776,0.30917687928206117
ACC8777,0.28949146000192993
ACC8778,0.8370163080189135
ACC8779,0.1606677603010711
ACC8780,0.9972980797066486
ACC8781,0.6804014281578693
ACC8782,0.35848692463572324
ACC8783,0.1379909292675866
ACC8784,0.4965743510566438
ACC8785,0.28495609379523307
ACC8786,0.13384155167422562
ACC8787,0.5337257550902248
ACC8788,0.9474090514329827
ACC8789,0.04718710798031458
ACC8790,0.892598668339284
ACC8791,0.5898870983305993
ACC8792,0.8785100839525234
ACC8793,0.5444369391102962
ACC8794,0.31052783942873685
ACC8795,0.4943549165299624
ACC8796,0.2243558815014957
ACC8797,0.7381067258515874
ACC8798,0.6008877738106726
ACC8799,0.18585351732123903
ACC8800,0.8457010518189714
ACC8801,0.35674997587571167
ACC8802,0.23361960822155747
ACC8803,0.7773810672585159
ACC8804,0.838849753932259
ACC8805,0.5074785293833832
ACC8806,0.6321528514908811
ACC8807,0.35819743317572134
ACC8808,0.508443500916723
ACC8809,0.2867895397085786
ACC8810,0.7346328283315642
ACC8811,0.9306185467528708
ACC8812,0.9511724404130079
ACC8813,0.8163659172054425
ACC8814,0.04139727878027598
ACC8815,0.3548200328090321
ACC8816,0.42371900028949144
ACC8817,0.4143587764160957
ACC8818,0.04950303966033002
ACC8819,0.13499951751423334
ACC8820,0.8476309948856509
ACC8821,0.7177458264981184
ACC8822,0.4306667953295378
ACC8823,0.9680594422464537
ACC8824,0.3578114445623854
ACC8825,0.4388690533629258
ACC8826,0.437904081829586
ACC8827,0.6687252726044581
ACC8828,0.8579561902923863
ACC8829,0.44350091672295666
ACC8830,0.5503232654636688
ACC8831,0.8259191353855061
ACC8832,0.6460484415709736
ACC8833,0.28042072758853615
ACC8834,0.18739747177458266
ACC8835,0.18566052301457106
ACC8836,0.14204380970761363
ACC8837,0.9218373057994789
ACC8838,0.8282350670655215
ACC8839,0.15343047380102287
ACC8840,0.2760783556885072
ACC8841,0.5260059828235067
ACC8842,0.6705587185178037
ACC8843,0.8237961980121586
ACC8844,0.7038502364180257
ACC8845,0.516838753256779
ACC8846,0.5539901572903599
ACC8847,0.3850236418025668
ACC8848,0.5235935539901573
ACC8849,0.8138569912187591
ACC8850,0.43491267007623274
ACC8851,0.5823603203705491
ACC8852,0.7003763388980025
ACC8853,0.45807198687638717
ACC8854,0.23651452282157676
ACC8855,0.9139245392260928
ACC8856,0.9609186528997394
ACC8857,0.02711570008684744
ACC8858,0.9097751616327319
ACC8859,0.657049117051047
ACC8860,0.34931969506899546
ACC8861,0.3912959567692753
ACC8862,0.6860947602045739
ACC8863,0.28244716780854967
ACC8864,0.8492714464923284
ACC8865,0.739554183151597
ACC8866,0.7269130560648461
ACC8867,0.6625494547910836
ACC8868,0.48702113287658017
ACC8869,0.67798899932452
ACC8870,0.22126797259480846
ACC8871,0.0059828235067065525
ACC8872,0.17166843578114446
ACC8873,0.20814435974138762
ACC8874,0.43732509890958216
ACC8875,0.31313326256875423
ACC8876,0.4045160667760301
ACC8877,0.8174273858921162
ACC8878,0.3110103251954067
ACC8879,0.9677699507864518
ACC8880,0.6448904757309659
ACC8881,0.6526102479976841
ACC8882,0.3851201389559008
ACC8883,0.24143587764160956
ACC8884,0.4971533339766477
ACC8885,0.1958892212679726
ACC8886,0.43693911029624627
ACC8887,0.5913345556306089
ACC8888,0.8271735983788479
ACC8889,0.6965164527646435
ACC8890,0.6542506996043617
ACC8891,0.23371610537489143
ACC8892,0.10064653092733765
ACC8893,0.446299334169642
ACC8894,0.5808163659172054
ACC8895,0.6297404226575316
ACC8896,0.6760590562578404
ACC8897,0.47167808549647783
ACC8898,0.723342661391489
ACC8899,0.09900607932066004
ACC8900,0.6605230145710701
ACC8901,0.851201389559008
ACC8902,0.8825629643925504
ACC8903,0.1012255138473415
ACC8904,0.49618836244330794
ACC8905,0.537199652610248
ACC8906,0.8514908810190099
ACC8907,0.7914696516452765
ACC8908,0.5667277815304449
ACC8909,0.13577149474090514
ACC8910,0.75200231593168
ACC8911,0.20467046222136448
ACC8912,0.9032133552060214
ACC8913,0.19019588922126798
ACC8914,0.08819839814725465
ACC8915,0.6452764643443019
ACC8916,0.3768213837691788
ACC8917,0.25562095918170413
ACC8918,0.3157386857087716
ACC8919,0.8031458071986877
ACC8920,0.4616423815497443
ACC8921,0.32548489819550325
ACC8922,0.12641127086750942
ACC8923,0.28929846569526196
ACC8924,0.23545305413490303
ACC8925,0.7074206310913828
ACC8926,0.03406349512689376
ACC8927,0.6572421113577149
ACC8928,0.8964585544726431
ACC8929,0.6725851587378172
ACC8930,0.4512206889896748
ACC8931,0.9438386567596256
ACC8932,0.4111743703560745
ACC8933,0.9800250892598669
ACC8934,0.6093795233040625
ACC8935,0.6707517128244717
ACC8936,0.7244041300781627
ACC8937,0.32837981279552253
ACC8938,0.5611309466370742
ACC8939,0.7383962173115893
ACC8940,0.7318344108848789
ACC8941,0.06339862974042265
ACC8942,0.02364180256682428
ACC8943,0.8001543954453344
ACC8944,0.8660619511724404
ACC8945,0.5468493679436457
ACC8946,0.07227636784714851
ACC8947,0.5608414551770723
ACC8948,0.3011676155553411
ACC8949,0.9053362925793689
ACC8950,0.9105471388594036
ACC8951,0.4850911898099006
ACC8952,0.5210846280034739
ACC8953,0.05017851973366785
ACC8954,0.9290745922995272
ACC8955,0.3504776609090032
ACC8956,0.006561806426710412
ACC8957,0.7714947409051433
ACC8958,0.9180739168194538
ACC8959,0.29171089452861143
ACC8960,0.6014667567306764
ACC8961,0.42960532664286405
ACC8962,0.5127858728167519
ACC8963,0.18083566534787224
ACC8964,0.966901476406446
ACC8965,0.5535076715236901
ACC8966,0.9324519926662164
ACC8967,0.19743317572131622
ACC8968,0.9230917687928206
ACC8969,0.9473125542796488
ACC8970,0.6592685515777285
ACC8971,0.17591431052783943
ACC8972,0.8574737045257165
ACC8973,0.05741580623371611
ACC8974,0.6420920582842806
ACC8975,0.5671137701437807
ACC8976,0.1342275402875615
ACC8977,0.3053169931487021
ACC8978,0.3423719000289491
ACC8979,0.6828138569912188
ACC8980,0.9069767441860465
ACC8981,0.3120717938820805
ACC8982,0.22715429894818104
ACC8983,0.9556113094663707
ACC8984,0.1850815400945672
ACC8985,0.2756923670751713
ACC8986,0.38782205924925217
ACC8987,0.5658593071504391
ACC8988,0.7991894239119945
ACC8989,0.8399112226189327
ACC8990,0.23979542603493198
ACC8991,0.6809804110778732
ACC8992,0.04197626170027984
ACC8993,0.007237286500048248
ACC8994,0.9888063302132587
ACC8995,0.15140403358100937
ACC8996,0.5094084724500627
ACC8997,0.009167229566727782
ACC8998,0.7883817427385892
ACC8999,0.5083470037633889
ACC9000,0.7022097848113481
ACC9001,0.060407217987069384
ACC9002,0.017948470520119657
ACC9003,0.22551384734150343
ACC9004,0.6641899063977613
ACC9005,0.5115314098234102
ACC9006,0.04120428447360803
ACC9007,0.14648267876097656
ACC9008,0.7265270674515102
ACC9009,0.5956769275306378
ACC9010,0.36080285631573866
ACC9011,0.04680111936697867
ACC9012,0.6044581684840297
ACC9013,0.47360802856315737
ACC9014,0.26034931969506897
ACC9015,0.5727106050371514
ACC9016,0.47370452571649135
ACC9017,0.3905239795426035
ACC9018,0.9955611309466371
ACC9019,0.34082794557560553
ACC9020,0.0338705008202258
ACC9021,0.9994210170799961
ACC9022,0.16539612081443597
ACC9023,0.7424490977516164
ACC9024,0.5627713982437518
ACC9025,0.5052590948567017
ACC9026,0.07970664865386472
ACC9027,0.6504873106243366
ACC9028,0.27752581298851686
ACC9029,0.9417157193862781
ACC9030,0.1359644890475731
ACC9031,0.35057415806233716
ACC9032,0.6027212197240182
ACC9033,0.6997973559779986
ACC9034,0.9823410209398823
ACC9035,0.34816172922898775
ACC9036,0.17504583614783364
ACC9037,0.43365820708289105
ACC9038,0.2872720254752485
ACC9039,0.9624626073530831
ACC9040,0.14329827270095533
ACC9041,0.49474090514329827
ACC9042,0.3739264691691595
ACC9043,0.14040335810093602
ACC9044,0.4326932355495513
ACC9045,0.09746212486731641
ACC9046,0.8590176589790601
ACC9047,0.5482968252436553
ACC9048,0.9657435105664383
ACC9049,0.7583711280517225
ACC9050,0.14233330116761556
ACC9051,0.6041686770240278
ACC9052,0.049599536813664
ACC9053,0.03898484994692657
ACC9054,0.27405191546849367
ACC9055,0.24307632924828718
ACC9056,0.5738685708771591
ACC9057,0.1757213162211715
ACC9058,0.22416288719482774
ACC9059,0.48653864710991024
ACC9060,0.47216057126314775
ACC9061,0.35713596448904755
ACC9062,0.3037730386953585
ACC9063,0.6317668628775451
ACC9064,0.5634468783170896
ACC9065,0.830454501592203
ACC9066,0.8819839814725465
ACC9067,0.3929364083759529
ACC9068,0.053362925793689085
ACC9069,0.5779214513171862
ACC9070,0.8863263533725755
ACC9071,0.8155939399787706
ACC9072,0.9469265656663128
ACC9073,0.45440509504969606
ACC9074,0.6728746501978191
ACC9075,0.7245006272314967
ACC9076,0.18122165396120815
ACC9077,0.31014185081540097
ACC9078,0.36582070828910546
ACC9079,0.5138473415034257
ACC9080,0.9664189906397761
ACC9081,0.016790504680111937
ACC9082,0.40808646144938726
ACC9083,0.5607449580237382
ACC9084,0.2648846859017659
ACC9085,0.8435781144456238
ACC9086,0.4869246357232462
ACC9087,0.03956383286693042
ACC9088,0.3024220785486828
ACC9089,0.8147254655987648
ACC9090,0.48200328090321337
ACC9091,0.9877448615265849
ACC9092,0.14001736948760013
ACC9093,0.5656663128437711
ACC9094,0.6538647109910257
ACC9095,0.967190967866448
ACC9096,0.4250699604361671
ACC9097,0.27289394962848595
ACC9098,0.17794075074785293
ACC9099,0.05326642864035511
ACC9100,0.48605616134324037
ACC9101,0.4453343626363022
ACC9102,0.16211521760108077
ACC9103,0.8654829682524365
ACC9104,0.45720351249638136
ACC9105,0.03744089549358294
ACC9106,0.15922030300106146
ACC9107,0.9347679243462318
ACC9108,0.49850429412332337
ACC9109,0.1719579272411464
ACC9110,0.48740712148991605
ACC9111,0.4577824954163852
ACC9112,0.9581202354530541
ACC9113,0.6891826691112612
ACC9114,0.39988420341599923
ACC9115,0.21682910354144552
ACC9116,0.5801408858438676
ACC9117,0.9847534497732316
ACC9118,0.5540866544436939
ACC9119,0.8535173212390235
ACC9120,0.7667663803917785
ACC9121,0.8454115603589694
ACC9122,0.2884299913152562
ACC9123,0.09437421596062916
ACC9124,0.5903695840972691
ACC9125,0.3359065907555727
ACC9126,0.34063495126893756
ACC9127,0.6786644793978578
ACC9128,0.49995175142333304
ACC9129,0.0363794268069092
ACC9130,0.3838656759625591
ACC9131,0.9931487021132877
ACC9132,0.7072276367847149
ACC9133,0.01698349898677989
ACC9134,0.43800057898292
ACC9135,0.3434333687156229
ACC9136,0.7141754318247612
ACC9137,0.9496284859596642
ACC9138,0.17658979060117727
ACC9139,0.904660812506031
ACC9140,0.9094856701727299
ACC9141,0.4611598957830744
ACC9142,0.3715140403358101
ACC9143,0.31757213162211717
ACC9144,0.9832094953198881
ACC9145,0.035896941040239314
ACC9146,0.6007912766573386
ACC9147,0.9416192222329441
ACC9148,0.6922705780179484
ACC9149,0.06224066390041494
ACC9150,0.9471195599729808
ACC9151,0.27048152079513654
ACC9152,0.05008202258033388
ACC9153,0.6454694586509698
ACC9154,0.11743703560744959
ACC9155,0.5137508443500917
ACC9156,0.747949435491653
ACC9157,0.4368426131429123
ACC9158,0.15526391971436843
ACC9159,0.056643829007044295
ACC9160,0.7899256971919328
ACC9161,0.09697963910064653
ACC9162,0.760204573965068
ACC9163,0.28823699700858824
ACC9164,0.24066390041493776
ACC9165,0.5155842902634372
ACC9166,0.8043037730386954
ACC9167,0.6737431245778249
ACC9168,0.4757309659365049
ACC9169,0.2454887580816366
ACC9170,0.3048345073820322
ACC9171,0.21866254945479108
ACC9172,0.42449097751616327
ACC9173,0.281096207661874
ACC9174,0.11579658400077197
ACC9175,0.4148412621827656
ACC9176,0.318151114542121
ACC9177,0.41966611984946445
ACC9178,0.7988034352986587
ACC9179,0.8378847823989193
ACC9180,0.8130850139920872
ACC9181,0.532953777863553
ACC9182,0.6474958988709834
ACC9183,0.3197915661487986
ACC9184,0.6381356749975876
ACC9185,0.3498986779889993
ACC9186,0.6048441570973656
ACC9187,0.013702595773424683
ACC9188,0.007140789346714272
ACC9189,0.7783460387918556
ACC9190,0.013413104313422753
ACC9191,0.34111743703560743
ACC9192,0.9000289491460002
ACC9193,0.5564990832770433
ACC9194,0.09553218180063688
ACC9195,0.20428447360802857
ACC9196,0.6313808742642092
ACC9197,0.8833349416192222
ACC9198,0.0013509601466756731
ACC9199,0.18614300878124096
ACC9200,0.6947795040046318
ACC9201,0.17427385892116182
ACC9202,0.0396603300202644
ACC9203,0.0051143491267007625
ACC9204,0.7960050178519734
ACC9205,0.2697095435684647
ACC9206,0.43607063591624046
ACC9207,0.6611984946444079
ACC9208,0.5026536717166844
ACC9209,0.5440509504969604
ACC9210,0.9811830550998746
ACC9211,0.7308694393515391
ACC9212,0.1825726141078838
ACC9213,0.7483354241049889
ACC9214,0.4269034063495127
ACC9215,0.2165396120814436
ACC9216,0.3147737141754318
ACC9217,0.8126025282254173
ACC9218,0.3132297597220882
ACC9219,0.44330792241628875
ACC9220,0.46125639293640835
ACC9221,0.16414165782109427
ACC9222,0.3615748335424105
ACC9223,0.04062530155360417
ACC9224,0.7377207372382515
ACC9225,0.7777670558718518
ACC9226,0.6276174852841842
ACC9227,0.9404612563929364
ACC9228,0.09476020457396507
ACC9229,0.9613046415130754
ACC9230,0.3837691788092251
ACC9231,0.1801601852745344
ACC9232,0.6629354434044196
ACC9233,0.5322782977902152
ACC9234,0.4617388787030783
ACC9235,0.035800443886905335
ACC9236,0.14571070153430474
ACC9237,0.30840490205538934
ACC9238,0.5195406735501302
ACC9239,0.8395252340055969
ACC9240,0.37749686384251663
ACC9241,0.12824471678085497
ACC9242,0.7994789153719966
ACC9243,0.41175335327607837
ACC9244,0.07488179098716588
ACC9245,0.8452185660523015
ACC9246,0.9559008009263726
ACC9247,0.466853227829779
ACC9248,0.722763678471485
ACC9249,0.8152079513654347
ACC9250,0.3273183441088488
ACC9251,0.4488082601563254
ACC9252,0.5977998649039853
ACC9253,0.219048538068127
ACC9254,0.03869535848692464
ACC9255,0.8640355109524269
ACC9256,0.504294123323362
ACC9257,0.8852648846859018
ACC9258,0.15179002219434526
ACC9259,0.7557657049117051
ACC9260,0.9500144745730001
ACC9261,0.6574351056643829
ACC9262,0.6418025668242787
ACC9263,0.6979639100646531
ACC9264,0.9540673550130271
ACC9265,0.2873685226285825
ACC9266,0.16993148702113287
ACC9267,0.9724018141464826
ACC9268,0.14445623854096304
ACC9269,0.12949917977419667
ACC9270,0.1285342082408569
ACC9271,0.4713885940364759
ACC9272,0.23902344880826015
ACC9273,0.32451992666216345
ACC9274,0.5789829200038599
ACC9275,0.2177940750747853
ACC9276,0.4590369584097269
ACC9277,0.8915371996526102
ACC9278,0.2429798320949532
ACC9279,0.05587185178037248
ACC9280,0.27656084145517706
ACC9281,0.7260445816848403
ACC9282,0.15593939978770627
ACC9283,0.23796198012158642
ACC9284,0.38077776705587185
ACC9285,0.4051915468493679
ACC9286,0.01862395059345749
ACC9287,0.03763388980025089
ACC9288,0.3103348451220689
ACC9289,0.7469844639583132
ACC9290,0.338898002508926
ACC9291,0.8460870404323072
ACC9292,0.6183537585641223
ACC9293,0.8379812795522532
ACC9294,0.8314194731255428
ACC9295,0.033581009360223874
ACC9296,0.21972401814146483
ACC9297,0.003280903213355206
ACC9298,0.9739457685998263
ACC9299,0.8826594615458844
ACC9300,0.42381549744282543
ACC9301,0.6488468590176589
ACC9302,0.18459905432789733
ACC9303,0.3308887387822059
ACC9304,0.5090224838367268
ACC9305,0.599440316510663
ACC9306,0.6642864035510953
ACC9307,0.39824375180932164
ACC9308,0.31930908038212874
ACC9309,0.773135192511821
ACC9310,0.30193959278201293
ACC9311,0.10083952523400559
ACC9312,0.06446009842709641
ACC9313,0.9596641899063978
ACC9314,0.7909871658786066
ACC9315,0.16394866351442633
ACC9316,0.19859114156132393
ACC9317,0.933706455659558
ACC9318,0.015729035993438195
ACC9319,0.3538550612756924
ACC9320,0.9316800154395445
ACC9321,0.06716201872044775
ACC9322,0.5320853034835472
ACC9323,0.14513171861430088
ACC9324,0.5477178423236515
ACC9325,0.3445913345556306
ACC9326,0.17823024220785486
ACC9327,0.7316414165782109
ACC9328,0.04795908520698639
ACC9329,0.22252243558815016
ACC9330,0.6579175914310528
ACC9331,0.2210749782881405
ACC9332,0.6702692270578018
ACC9333,0.938145324712921
ACC9334,0.5952909389173019
ACC9335,0.25812988516838753
ACC9336,0.9769371803531796
ACC9337,0.32413393804882756
ACC9338,0.2845701051818971
ACC9339,0.36418025668242787
ACC9340,0.5182862105567886
ACC9341,0.7170703464247805
ACC9342,0.7432210749782882
ACC9343,0.2734729325484898
ACC9344,0.6831998456045547
ACC9345,0.6509697963910065
ACC9346,0.2359355399015729
ACC9347,0.35800443886905337
ACC9348,0.347100260542314
ACC9349,0.9423911994596159
ACC9350,0.4115603589694104
ACC9351,0.6843578114445624
ACC9352,0.24076039756827172
ACC9353,0.5017851973366786
ACC9354,0.9242497346328283
ACC9355,0.84299913152562
ACC9356,0.6957444755379716
ACC9357,0.8707903116858052
ACC9358,0.6130464151307536
ACC9359,0.06127569236707517
ACC9360,0.21962752098813085
ACC9361,0.4166747080961112
ACC9362,0.36968059442246454
ACC9363,0.6802084338512014
ACC9364,0.42323651452282157
ACC9365,0.615941329730773
ACC9366,0.9824375180932162
ACC9367,0.45112419183634084
ACC9368,0.5040046318633601
ACC9369,0.43124577824954163
ACC9370,0.8202258033388015
ACC9371,0.5802373829972016
ACC9372,0.9314870211328766
ACC9373,0.7780565473318537
ACC9374,0.4430184309562868
ACC9375,0.7672488661584483
ACC9376,0.28814049985525425
ACC9377,0.16771205249445142
ACC9378,0.7092540770047283
ACC9379,0.8629740422657531
ACC9380,0.3515391295956769
ACC9381,0.0023159316800154396
ACC9382,0.8119270481520795
ACC9383,0.23892695165492617
ACC9384,0.8878703078259191
ACC9385,0.6104409919907363
ACC9386,0.08868088391392454
ACC9387,0.4591334555630609
ACC9388,0.2784907845218566
ACC9389,0.272700955321818
ACC9390,0.4569140210363794
ACC9391,0.8177168773521181
ACC9392,0.8962655601659751
ACC9393,0.9510759432596738
ACC9394,0.607546077390717
ACC9395,0.44205345942294705
ACC9396,0.34690726623564605
ACC9397,0.9388208047862588
ACC9398,0.5085399980700569
ACC9399,0.9023448808260156
ACC9400,0.6440220013509601
ACC9401,0.6265560165975104
ACC9402,0.11791952137411946
ACC9403,0.30020264402200136
ACC9404,0.04728360513364856
ACC9405,0.834603879185564
ACC9406,0.664865386471099
ACC9407,0.8156904371321047
ACC9408,0.7406156518382707
ACC9409,0.5572710605037151
ACC9410,0.9466370742063109
ACC9411,0.929557078066197
ACC9412,0.9044678181993632
ACC9413,0.3299237672488662
ACC9414,0.6746115989578307
ACC9415,0.08154009456721027
ACC9416,0.3240374408954936
ACC9417,0.9579272411463862
ACC9418,0.3624433079224163
ACC9419,0.6028177168773521
ACC9420,0.9006079320660041
ACC9421,0.015632538840104217
ACC9422,0.8440606002122938
ACC9423,0.9486635144263245
ACC9424,0.6045546656373637
ACC9425,0.334845122068899
ACC9426,0.7906976744186046
ACC9427,0.04352021615362347
ACC9428,0.042844736080285634
ACC9429,0.3900414937759336
ACC9430,0.5063205635433755
ACC9431,0.32287947505548587
ACC9432,0.46000192994306666
ACC9433,0.6086075460773908
ACC9434,0.34729325484898194
ACC9435,0.023159316800154397
ACC9436,0.13287658014088585
ACC9437,0.9472160571263147
ACC9438,0.5013992087233426
ACC9439,0.21161825726141079
ACC9440,0.7473704525716491
ACC9441,0.20187204477467915
ACC9442,0.10151500530734343
ACC9443,0.7060696709447072
ACC9444,0.735308308404902
ACC9445,0.9523304062530156
ACC9446,0.8209977805654733
ACC9447,0.43221074978288143
ACC9448,0.3125542796487504
ACC9449,0.5463668821769758
ACC9450,0.6907266235646048
ACC9451,0.1401138666409341
ACC9452,0.7771880729518479
ACC9453,0.8742642092058285
ACC9454,0.6486538647109911
ACC9455,0.9999035028466661
ACC9456,0.1028659654540191
ACC9457,0.6245295763774968
ACC9458,0.392646916915951
ACC9459,0.4655987648364373
ACC9460,0.1851780372479012
ACC9461,0.49367943645662454
ACC9462,0.22532085303483548
ACC9463,0.7515198301650101
ACC9464,0.7128244716780855
ACC9465,0.4853806812699025
ACC9466,0.13615748335424105
ACC9467,0.11290166940075268
ACC9468,0.8854578789925697
ACC9469,0.4289298465695262
ACC9470,0.8083566534787224
ACC9471,0.9247322203994982
ACC9472,0.07005693332046704
ACC9473,0.8380777767055871
ACC9474,0.6634179291710894
ACC9475,0.6785679822445237
ACC9476,0.5181897134034545
ACC9477,0.6453729614976358
ACC9478,0.8203223004921355
ACC9479,0.9110296246260735
ACC9480,0.0689954646337933
ACC9481,0.01978191643346521
ACC9482,0.334748624915565
ACC9483,0.6012737624240085
ACC9484,0.16520312650776803
ACC9485,0.5373926469169159
ACC9486,0.15256199942101709
ACC9487,0.5921065328572808
ACC9488,0.4079899642960533
ACC9489,0.29286886036861914
ACC9490,0.5553411174370356
ACC9491,0.3009746212486732
ACC9492,0.9272411463861816
ACC9493,0.1268937566341793
ACC9494,0.17784425359451897
ACC9495,0.4218855543761459
ACC9496,0.03136157483354241
ACC9497,0.3962173115893081
ACC9498,0.8782205924925215
ACC9499,0.4879861044099199
ACC9500,0.8341213934188941
ACC9501,0.16954549840779698
ACC9502,0.08935636398726238
ACC9503,0.22879475055485862
ACC9504,0.8114445623854096
ACC9505,0.8815014957058767
ACC9506,0.06976744186046512
ACC9507,0.40065618064267106
ACC9508,0.31834410884878894
ACC9509,0.9077487214127183
ACC9510,0.8065232075653769
ACC9511,0.7864517996719097
ACC9512,0.20486345652803242
ACC9513,0.0438097076136254
ACC9514,0.9296535752195311
ACC9515,0.08018913442053459
ACC9516,0.1330695744475538
ACC9517,0.8459905432789733
ACC9518,0.40596352407603975
ACC9519,0.04081829586027212
ACC9520,0.8207082891054713
ACC9521,0.34903020360899356
ACC9522,0.29557078066197046
ACC9523,0.8674129113191161
ACC9524,0.09147930136060986
ACC9525,0.921644311492811
ACC9526,0.4277718807295185
ACC9527,0.5983788478239892
ACC9528,0.4866351442632442
ACC9529,0.2000385988613336
ACC9530,0.8904757309659365
ACC9531,0.18344108848788962
ACC9532,0.9065907555727106
ACC9533,0.623661101997491
ACC9534,0.7184213065714562
ACC9535,0.10653285728071021
ACC9536,0.8128920196854192
ACC9537,0.6919810865579465
ACC9538,0.43616713306957444
ACC9539,0.8290070442921934
ACC9540,0.9308115410595388
ACC9541,0.8614300878124095
ACC9542,0.7802759818585352
ACC9543,0.8653864710991026
ACC9544,0.07555727106050371
ACC9545,0.8627810479590852
ACC9546,0.9630415902730869
ACC9547,0.6888931776512592
ACC9548,0.49763581974331755
ACC9549,0.8816944900125446
ACC9550,0.1557464054810383
ACC9551,0.17552832191450352
ACC9552,0.7737141754318247
ACC9553,0.2900704429219338
ACC9554,0.011676155553411175
ACC9555,0.05191546849367944
ACC9556,0.3979542603493197
ACC9557,0.1900028949146
ACC9558,0.4240084917494934
ACC9559,0.65251375084435
ACC9560,0.6068705973173791
ACC9561,0.17581781337450544
ACC9562,0.09466370742063109
ACC9563,0.5523497056836824
ACC9564,0.49638135674997586
ACC9565,0.6731641416578211
ACC9566,0.27530637846183537
ACC9567,0.9252147061661681
ACC9568,0.10479590852069864
ACC9569,0.33667856798224455
ACC9570,0.3489337064556596
ACC9571,0.2466467239216443
ACC9572,0.0872334266139149
ACC9573,0.3385120138955901
ACC9574,0.6210556788574737
ACC9575,0.2383479687349223
ACC9576,0.8929846569526199
ACC9577,0.27327993824182184
ACC9578,0.09823410209398822
ACC9579,0.7370452571649136
ACC9580,0.4571070153430474
ACC9581,0.7112805172247418
ACC9582,0.011483161246743222
ACC9583,0.78548682813857
ACC9584,0.7885747370452572
ACC9585,0.7601080768117341
ACC9586,0.47737141754318246
ACC9587,0.4603879185564026
ACC9588,0.006175817813374506
ACC9589,0.07951365434719676
ACC9590,0.5561130946637074
ACC9591,0.9592782012930618
ACC9592,0.2962462607353083
ACC9593,0.202451027694683
ACC9594,0.9702788767731352
ACC9595,0.6844543085978964
ACC9596,0.6762520505645083
ACC9597,0.4801698349898678
ACC9598,0.7945575605519637
ACC9599,0.9835954839332239
ACC9600,0.33185371031554567
ACC9601,0.9415227250796101
ACC9602,0.9311010325195407
ACC9603,0.9041783267393612
ACC9604,0.6162308211907749
ACC9605,0.983305992473222
ACC9606,0.2529190388883528
ACC9607,0.030782591913538552
ACC9608,0.9317765125928785
ACC9609,0.41088487889607256
ACC9610,0.7652224259384348
ACC9611,0.566341792917109
ACC9612,0.020650390813471003
ACC9613,0.8178133745054521
ACC9614,0.6885071890379234
ACC9615,0.11676155553411174
ACC9616,0.4065425069960436
ACC9617,0.8936601370259577
ACC9618,0.206600405288044
ACC9619,0.1393418894142623
ACC9620,0.6296439255041977
ACC9621,0.6046511627906976
ACC9622,0.5624819067837499
ACC9623,0.9970085882466467
ACC9624,0.007333783653382225
ACC9625,0.43250024124288333
ACC9626,0.3112033195020747
ACC9627,0.4169641995561131
ACC9628,0.30174659847534496
ACC9629,0.8368233137122455
ACC9630,0.9365048731062434
ACC9631,0.0007719772266718132
ACC9632,0.5142333301167615
ACC9633,0.8115410595387436
ACC9634,0.7946540577052977
ACC9635,0.5096014667567307
ACC9636,0.8584386760590562
ACC9637,0.524848016983499
ACC9638,0.7614590369584098
ACC9639,0.8710798031458072
ACC9640,0.07295184792048634
ACC9641,0.6097655119173985
ACC9642,0.5151018044967673
ACC9643,0.7267200617581782
ACC9644,0.1995561130946637
ACC9645,0.5020746887966805
ACC9646,0.9479880343529866
ACC9647,0.41628871948277524
ACC9648,0.23304062530155362
ACC9649,0.24037440895493584
ACC9650,0.6639004149377593
ACC9651,0.43993052204959954
ACC9652,0.6382321721509215
ACC9653,0.7728457010518189
ACC9654,0.35829393032905527
ACC9655,0.8656759625591045
ACC9656,0.5027501688700183
ACC9657,0.2731834410884879
ACC9658,0.5873781723439159
ACC9659,0.35269709543568467
ACC9660,0.4334652127762231
ACC9661,0.3822252243558815
ACC9662,0.971340345459809
ACC9663,0.8606581105857377
ACC9664,0.9343819357328959
ACC9665,0.4858631670365724
ACC9666,0.9846569526198977
ACC9667,0.5508057512303387
ACC9668,0.4438869053362926
ACC9669,0.27134999517514236
ACC9670,0.6257840393708386
ACC9671,0.574254559490495
ACC9672,0.3473897520023159
ACC9673,0.7542217504583615
ACC9674,0.5997298079706649
ACC9675,0.0834700376338898
ACC9676,0.13142912284087618
ACC9677,0.8865193476792435
ACC9678,0.6242400849174949
ACC9679,0.47611695454984077
ACC9680,0.7842323651452282
ACC9681,0.47466949724983115
ACC9682,0.6775065135578501
ACC9683,0.5533146772170221
ACC9684,0.5176107304834507
ACC9685,0.3800057898292
ACC9686,0.8989674804593264
ACC9687,0.785100839525234
ACC9688,0.6507768020843385
ACC9689,0.07121489916047477
ACC9690,0.4740905143298273
ACC9691,0.5430859789636205
ACC9692,0.4451413683296343
ACC9693,0.8977130174659848
ACC9694,0.925600694779504
ACC9695,0.9742352600598282
ACC9696,0.42256103444948373
ACC9697,0.6997008588246647
ACC9698,0.3856026247225707
ACC9699,0.9322589983595484
ACC9700,0.7575026536717167
ACC9701,0.743800057898292
ACC9702,0.3086943935153913
ACC9703,0.8853613818392357
ACC9704,0.855736755765705
ACC9705,0.7713982437518093
ACC9706,0.031265077680208433
ACC9707,0.2723149667084821
ACC9708,0.9480845315063205
ACC9709,0.8424201486056161
ACC9710,0.8945286114059635
ACC9711,0.48895107594325965
ACC9712,0.09176879282061179
ACC9713,0.014185081540094567
ACC9714,0.06947795040046319
ACC9715,0.3149667084820998
ACC9716,0.6566631284377111
ACC9717,0.22744379040818297
ACC9718,0.3560744958023738
ACC9719,0.7702402779118016
ACC9720,0.051143491267007624
ACC9721,0.08539998070056934
ACC9722,0.9776126604265174
ACC9723,0.35298658689568657
ACC9724,0.8601756248190678
ACC9725,0.18913442053459423
ACC9726,0.31959857184213064
ACC9727,0.5617099295570781
ACC9728,0.5343047380102287
ACC9729,0.9495319888063302
ACC9730,0.7716877352118112
ACC9731,0.7218952040914793
ACC9732,0.884589404612564
ACC9733,0.12351635626749011
ACC9734,0.3990157290359934
ACC9735,0.19608221557464056
ACC9736,0.08337354048055583
ACC9737,0.1467721702209785
ACC9738,0.20476695937469844
ACC9739,0.8844929074592299
ACC9740,0.2288912477081926
ACC9741,0.5514812313036765
ACC9742,0.7425455949049503
ACC9743,0.20399498214802664
ACC9744,0.24481327800829875
ACC9745,0.3196950689954646
ACC9746,0.24249734632828332
ACC9747,0.3276078355688507
ACC9748,0.5395155842902635
ACC9749,0.06455659558043038
ACC9750,0.12139341889414262
ACC9751,0.31882659461545887
ACC9752,0.20505645083470037
ACC9753,0.8642285052590949
ACC9754,0.35694297018237964
ACC9755,0.6302229084242015
ACC9756,0.7343433368715623
ACC9757,0.3789443211425263
ACC9758,0.5932644986972885
ACC9759,0.9079417157193863
ACC9760,0.4806523207565377
ACC9761,0.07845218566052302
ACC9762,0.6551191739843675
ACC9763,0.1718614300878124
ACC9764,0.5878606581105857
ACC9765,0.09080382128727203
ACC9766,0.5686577245971244
ACC9767,0.5776319598571842
ACC9768,0.566052301457107
ACC9769,0.09977805654733185
ACC9770,0.665347872237769
ACC9771,0.4789153719965261
ACC9772,0.053169931487021135
ACC9773,0.7054906880247033
ACC9774,0.8060407217987069
ACC9775,0.3611888449290746
ACC9776,0.15960629161439738
ACC9777,0.21625012062144167
ACC9778,0.9177844253594519
ACC9779,0.8982920003859887
ACC9780,0.04072179870693814
ACC9781,0.5893081154105954
ACC9782,0.8789925697191933
ACC9783,0.19559972980797066
ACC9784,0.7093505741580624
ACC9785,0.07246936215381647
ACC9786,0.715236900511435
ACC9787,0.08530348354723535
ACC9788,0.1846955514812313
ACC9789,0.49155649908327703
ACC9790,0.4037440895493583
ACC9791,0.45353662066969025
ACC9792,0.5632538840104216
ACC9793,0.33310817330888737
ACC9794,0.6829103541445527
ACC9795,0.1417543182476117
ACC9796,0.45392260928302613
ACC9797,0.09485670172729904
ACC9798,0.37797934960918655
ACC9799,0.12631477371417543
ACC9800,0.21065328572807102
ACC9801,0.491652996236611
ACC9802,0.603300202644022
ACC9803,0.8240856894721605
ACC9804,0.5851587378172344
ACC9805,0.08848788960725659
ACC9806,0.6959374698446396
ACC9807,0.495705876676638
ACC9808,0.5563060889703754
ACC9809,0.7519058187783461
ACC9810,0.739940171764933
ACC9811,0.21354820032809033
ACC9812,0.6138183923574254
ACC9813,0.9038888352793593
ACC9814,0.48981955032326546
ACC9815,0.07835568850718903
ACC9816,0.18730097462124867
ACC9817,0.9728842999131526
ACC9818,0.5643153526970954
ACC9819,0.28003473897520026
ACC9820,0.5724211135771494
ACC9821,0.7220881983981473
ACC9822,0.8913442053459423
ACC9823,0.30936987358872914
ACC9824,0.7368522628582457
ACC9825,0.7274920389848499
ACC9826,0.32461642381549743
ACC9827,0.7655119173984367
ACC9828,0.7698542892984657
ACC9829,0.9465405770529769
ACC9830,0.30792241628871947
ACC9831,0.16404516066776031
ACC9832,0.4854771784232365
ACC9833,0.9243462317861623
ACC9834,0.07912766573386085
ACC9835,0.8110585737720737
ACC9836,0.09273376435395156
ACC9837,0.1372189520409148
ACC9838,0.8503329151790022
ACC9839,0.8274630898388498
ACC9840,0.48354723535655697
ACC9841,0.5280324230435203
ACC9842,0.9631380874264209
ACC9843,0.772556209591817
ACC9844,0.9406542506996044
ACC9845,0.9747177458264982
ACC9846,0.44736080285631574
ACC9847,0.16086075460773908
ACC9848,0.41349030203608994
ACC9849,0.7555727106050372
ACC9850,0.9206793399594712
ACC9851,0.23911994596159414
ACC9852,0.690147640644601
ACC9853,0.42999131525619994
ACC9854,0.0966901476406446
ACC9855,0.4677217022097848
ACC9856,0.987262375759915
ACC9857,0.6883141947312554
ACC9858,0.8607546077390716
ACC9859,0.6066776030107112
ACC9860,0.3426613914889511
ACC9861,0.4508347003763389
ACC9862,0.5757020167905047
ACC9863,0.6275209881308501
ACC9864,0.16838753256778924
ACC9865,0.029817620380198785
ACC9866,0.5088294895300589
ACC9867,0.9453826112129692
ACC9868,0.7217987069381453
ACC9869,0.7278780275981859
ACC9870,0.14358776416095725
ACC9871,0.9499179774196661
ACC9872,0.8870983305992474
ACC9873,0.8359548393322397
ACC9874,0.9144070249927627
ACC9875,0.006079320660040529
ACC9876,0.9456721026729712
ACC9877,0.7493003956383286
ACC9878,0.8160764257454405
ACC9879,0.43742159606291614
ACC9880,0.5016887001833445
ACC9881,0.7055871851780372
ACC9882,0.5214706166168098
ACC9883,0.08163659172054424
ACC9884,0.12399884203415999
ACC9885,0.4913635047766091
ACC9886,0.4075074785293834
ACC9887,0.03425648943356171
ACC9888,0.1731158930811541
ACC9889,0.43211425262954745
ACC9890,0.6256875422175046
ACC9891,0.2848595966418991
ACC9892,0.34159992280227736
ACC9893,0.29566727781530444
ACC9894,0.48866158448325775
ACC9895,0.045353662066969024
ACC9896,0.5031361574833543
ACC9897,0.2400849174949339
ACC9898,0.5033291517900222
ACC9899,0.2032230049213548
ACC9900,0.6755765704911705
ACC9901,0.13123612853420824
ACC9902,0.32828331564218854
ACC9903,0.4679146965164528
ACC9904,0.7078066197047187
ACC9905,0.2718324809418122
ACC9906,0.6180642671041204
ACC9907,0.5840972691305607
ACC9908,0.4579754897230532
ACC9909,0.1872044774679147
ACC9910,0.8717552832191451
ACC9911,0.48209977805654736
ACC9912,0.6473994017176493
ACC9913,0.7252726044581684
ACC9914,0.6964199556113094
ACC9915,0.5296728746501979
ACC9916,0.020071407893467143
ACC9917,0.996236611019975
ACC9918,0.2156711377014378
ACC9919,0.17012448132780084
ACC9920,0.7446685322782978
ACC9921,0.9440316510662935
ACC9922,0.8210942777188073
ACC9923,0.5339187493968928
ACC9924,0.6376531892309177
ACC9925,0.22059249252147062
ACC9926,0.7439930522049599
ACC9927,0.38695358486924636
ACC9928,0.6306088970375374
ACC9929,0.4607739071697385
ACC9930,0.3451703174756345
ACC9931,0.13866640934092445
ACC9932,0.5497442825436649
ACC9933,0.5403840586702692
ACC9934,0.4664672392164431
ACC9935,0.979349609186529
ACC9936,0.6307053941908713
ACC9937,0.5843867605905626
ACC9938,0.6660233523111069
ACC9939,0.05066100550033774
ACC9940,0.6914021036379426
ACC9941,0.3940943742159606
ACC9942,0.594615458843964
ACC9943,0.6205731930908038
ACC9944,0.5132683585834218
ACC9945,0.5708771591238059
ACC9946,0.2922898774486153
ACC9947,0.63601273762424
ACC9948,0.8293930329055292
ACC9949,0.326546366882177
ACC9950,0.7041397278780276
ACC9951,0.7360802856315739
ACC9952,0.7433175721316221
ACC9953,0.3286693042555245
ACC9954,0.15236900511434912
ACC9955,0.8755186721991701
ACC9956,0.19907362732799383
ACC9957,0.4567210267297115
ACC9958,0.8120235453054135
ACC9959,0.5814918459905433
ACC9960,0.6129499179774197
ACC9961,0.21673260638811154
ACC9962,0.24722570684164819
ACC9963,0.7199652610247997
ACC9964,0.4768889317765126
ACC9965,0.6026247225706841
ACC9966,0.7008588246646724
ACC9967,0.7979349609186529
ACC9968,0.5100839525234006
ACC9969,0.6904371321046029
ACC9970,0.6193187300974621
ACC9971,0.4842227154298948
ACC9972,0.43230724693621536
ACC9973,0.38840104216925603
ACC9974,0.04815207951365435
ACC9975,0.7763195985718422
ACC9976,0.6019492424973464
ACC9977,0.6677603010711184
ACC9978,0.009842709640065618
ACC9979,0.3921644311492811
ACC9980,0.9142140306860947
ACC9981,0.7993824182186625
ACC9982,0.665444369391103
ACC9983,0.010904178326739362
ACC9984,0.07333783653382225
ACC9985,0.9611116472064074
ACC9986,0.1987841358679919
ACC9987,0.9329344784328862
ACC9988,0.07111840200714079
ACC9989,0.15815883431438774
ACC9990,0.5684647302904564
ACC9991,0.9912187590466082
ACC9992,0.404902055389366
ACC9993,0.938338319019589
ACC9994,0.9933416964199556
ACC9995,0.409051432982727
ACC9996,0.6764450448711763
ACC9997,0.12409533918749396
ACC9998,0.7941715719386279
ACC9999,0.7958120235453054
ACC10000,0.0706359162404709
ACC10001,0.5495512882369971
ACC10002,0.18160764257454406
ACC10003,0.18903792338126024
ACC10004,0.6181607642574544
ACC10005,0.3814532471292097
ACC10006,0.8396217311589308
ACC10007,0.9673839621731158
ACC10008,0.057801794847052015
ACC10009,0.19106436360127377
ACC10010,0.9493389944996623
ACC10011,0.5255234970568369
ACC10012,0.40712148991604746
ACC10013,0.41059538743607066
ACC10014,0.38116375566920774
ACC10015,0.05056450834700376
ACC10016,0.5853517321239023
ACC10017,0.6616809804110779
ACC10018,0.4490977516163273
ACC10019,0.7137894432114252
ACC10020,0.8397182283122648
ACC10021,0.21914503522146098
ACC10022,0.16751905818778345
ACC10023,0.46492328476309946
ACC10024,0.8806330213258708
ACC10025,0.6034931969506899
ACC10026,0.4619318730097462
ACC10027,0.5550516259770337
ACC10028,0.5678857473704526
ACC10029,0.9712438483064749
ACC10030,0.9292675866061951
ACC10031,0.3260638811155071
ACC10032,0.937952330406253
ACC10033,0.8092251278587281
ACC10034,0.60301071118402
ACC10035,0.14271928978095147
ACC10036,0.14735115314098235
ACC10037,0.11888449290745923
ACC10038,0.5597799864903985
ACC10039,0.363697770915758
ACC10040,0.47013413104313423
ACC10041,0.09804110778732028
ACC10042,0.013123612853420823
ACC10043,0.5409630415902731
ACC10044,0.9550323265463668
ACC10045,0.013895590080092637
ACC10046,0.4728360513364856
ACC10047,0.7580816365917206
ACC10048,0.8234102093988227
ACC10049,0.8869053362925794
ACC10050,0.8893177651259287
ACC10051,0.9334169641995561
ACC10052,0.917591431052784
ACC10053,0.8591141561323941
ACC10054,0.999807005693332
ACC10055,0.9973945768599827
ACC10056,0.5737720737238251
ACC10057,0.9126700762327511
ACC10058,0.09263726720061759
ACC10059,0.6227926276174853
ACC10060,0.9753932258998359
ACC10061,0.11348065232075653
ACC10062,0.3853131332625688
ACC10063,0.7436070635916241
ACC10064,0.6931390523979543
ACC10065,0.4839332239698929
ACC10066,0.7058766766380392
ACC10067,0.4160957251761073
ACC10068,0.7734246839718228
ACC10069,0.8104795908520699
ACC10070,0.6607160088777381
ACC10071,0.29151790022194346
ACC10072,0.043906204766959375
ACC10073,0.19868763871465792
ACC10074,0.9124770819260832
ACC10075,0.475248480169835
ACC10076,0.5704911705104699
ACC10077,0.23825147158158835
ACC10078,0.8873878220592493
ACC10079,0.18363408279455756
ACC10080,0.5919135385506128
ACC10081,0.9439351539129596
ACC10082,0.5116279069767442
ACC10083,0.9889028273665927
ACC10084,0.4182186625494548
ACC10085,0.2914214030686095
ACC10086,0.08945286114059635
ACC10087,0.9446106339862974
ACC10088,0.8622985621924153
ACC10089,0.2413393804882756
ACC10090,0.702306281964682
ACC10091,0.5279359258901862
ACC10092,0.4441763967962945
ACC10093,0.48113480652320756
ACC10094,0.15159702788767732
ACC10095,0.15391295956769274
ACC10096,0.05509987455370067
ACC10097,0.65299623661102
ACC10098,0.5418315159702789
ACC10099,0.6249155649908328
ACC10100,0.45266814628968444
ACC10101,0.13712245488758082
ACC10102,0.8401042169256007
ACC10103,0.8048827559586992
ACC10104,0.24635723246164237
ACC10105,0.20235453054134903
ACC10106,0.1582553314677217
ACC10107,0.7095435684647303
ACC10108,0.6149763581974331
ACC10109,0.9190388883527936
ACC10110,0.6962269613046416
ACC10111,0.030975586220206505
ACC10112,0.7241146386181607
ACC10113,0.6416095725176107
ACC10114,0.6278104795908521
ACC10115,0.5439544533436264
ACC10116,0.2549454791083663
ACC10117,0.5509022483836726
ACC10118,0.925697191932838
ACC10119,0.47785390330985233
ACC10120,0.5441474476502943
ACC10121,0.08047862588053653
ACC10122,0.6348547717842323
ACC10123,0.009939206793399595
ACC10124,0.8364373250989096
ACC10125,0.566148798610441
ACC10126,0.09562867895397086
ACC10127,0.7256585930715044
ACC10128,0.5487793110103252
ACC10129,0.12313036765415421
ACC10130,0.7551867219917012
ACC10131,0.05374891440702499
ACC10132,0.4217890572228119
ACC10133,0.3983402489626556
ACC10134,0.9084242014860562
ACC10135,0.2783942873685226
ACC10136,0.7837498793785583
ACC10137,0.5640258612370935
ACC10138,0.5306378461835376
ACC10139,0.01920293351346135
ACC10140,0.18623950593457492
ACC10141,0.3050275016887002
ACC10142,0.19646820418797645
ACC10143,0.9643925504197626
ACC10144,0.9387243076329248
ACC10145,0.590852069863939
ACC10146,0.08752291807391682
ACC10147,0.23168966515487793
ACC10148,0.22966322493486444
ACC10149,0.8784135867991895
ACC10150,0.9389173019395928
ACC10151,0.557946540577053
ACC10152,0.08491749493389945
ACC10153,0.5944224645372962
ACC10154,0.7268165589115121
ACC10155,0.8986779889993245
ACC10156,0.7830743993052205
ACC10157,0.6868667374312458
ACC10158,0.723246164238155
ACC10159,0.5067065521567113
ACC10160,0.2864035510952427
ACC10161,0.5237865482968252
ACC10162,0.7829779021518866
ACC10163,0.6936215381646241
ACC10164,0.9067837498793786
ACC10165,0.5326642864035511
ACC10166,0.13519251182090128
ACC10167,0.8980990060793207
ACC10168,0.6960339669979736
ACC10169,0.3911994596159413
ACC10170,0.7525812988516839
ACC10171,0.9531988806330213
ACC10172,0.9321625012062145
ACC10173,0.09784811348065232
ACC10174,0.4594229470230628
ACC10175,0.36842613142912284
ACC10176,0.6355302518575702
ACC10177,0.17755476213451704
ACC10178,0.3135192511820901
ACC10179,0.6911126121779407
ACC10180,0.15931680015439545
ACC10181,0.43587764160957254
ACC10182,0.4406060021229374
ACC10183,0.46511627906976744
ACC10184,0.3525041011290167
ACC10185,0.8046897616520312
ACC10186,0.14368426131429124
ACC10187,0.8035317958120235
ACC10188,0.6246260735308309
ACC10189,0.5739650680304931
ACC10190,0.22985621924153238
ACC10191,0.5370066583035801
ACC10192,0.23583904274823891
ACC10193,0.7833638907652224
ACC10194,0.4164817137894432
ACC10195,0.6757695647978385
ACC10196,0.5012062144166747
ACC10197,0.0006754800733378366
ACC10198,0.6308018913442054
ACC10199,0.061468686673743125
ACC10200,0.5112419183634083
ACC10201,0.7970664865386471
ACC10202,0.6758660619511725
ACC10203,0.8974235260059829
ACC10204,0.0937952330406253
ACC10205,0.8630705394190872
ACC10206,0.05789829200038599
ACC10207,0.3752774293158352
ACC10208,0.4040335810093602
ACC10209,0.5668242786837788
ACC10210,0.7284570105181897
ACC10211,0.5334362636302229
ACC10212,0.7225706841648172
ACC10213,0.40557753546270386
ACC10214,0.9072662356460485
ACC10215,0.5819743317572131
ACC10216,0.10141850815400946
ACC10217,0.24104988902827368
ACC10218,0.7985139438386568
ACC10219,0.293351346135289
ACC10220,0.8049792531120332
ACC10221,0.5605519637170704
ACC10222,0.4645372961497636
ACC10223,0.01379909292675866
ACC10224,0.4401235163562675
ACC10225,0.39081347100260544
ACC10226,0.48238926951654926
ACC10227,0.21499565762809997
ACC10228,0.1975296728746502
ACC10229,0.4595194441763968
ACC10230,0.8777381067258516
ACC10231,0.2140306860947602
ACC10232,0.6679532953777864
ACC10233,0.4437904081829586
ACC10234,0.23033870500820225
ACC10235,0.4767924346231786
ACC10236,0.3743124577824954
ACC10237,0.7156228891247708
ACC10238,0.33301167615555344
ACC10239,0.27299044678181994
ACC10240,0.9129595676927531
ACC10241,0.68599826305124
ACC10242,0.5180932162501206
ACC10243,0.41580623371610537
ACC10244,0.2735694297018238
ACC10245,0.945865096979639
ACC10246,0.0056933320467046225
ACC10247,0.3060889703753739
ACC10248,0.7183248094181222
ACC10249,0.8186818488854579
ACC10250,0.7589501109717264
ACC10251,0.06465309273376435
ACC10252,0.4906880247032713
ACC10253,0.20592492521470618
ACC10254,0.5220495995368136
ACC10255,0.33330116761555534
ACC10256,0.8539033098523594
ACC10257,0.8879668049792531
ACC10258,0.44851876869632346
ACC10259,0.7983209495319888
ACC10260,0.3083084049020554
ACC10261,0.8117340538454115
ACC10262,0.8108655794654057
ACC10263,0.9930522049599537
ACC10264,0.5156807874167713
ACC10265,0.44195696226961306
ACC10266,0.33812602528225416
ACC10267,0.925793689086172
ACC10268,0.8327704332722184
ACC10269,0.08578596931390524
ACC10270,0.19029238637460194
ACC10271,0.9445141368329635
ACC10272,0.11946347582746308
ACC10273,0.14310527839428736
ACC10274,0.9951751423333012
ACC10275,0.9392067933995947
ACC10276,0.7011483161246743
ACC10277,0.13393804882755958
ACC10278,0.14590369584097268
ACC10279,0.5455949049503039
ACC10280,0.14049985525427
ACC10281,0.9763581974331758
ACC10282,0.19318730097462125
ACC10283,0.7800829875518672
ACC10284,0.4992762713499952
ACC10285,0.4304738010228698
ACC10286,0.6921740808646145
ACC10287,0.9182669111261218
ACC10288,0.4247804689761652
ACC10289,0.9646820418797646
ACC10290,0.6186432500241242
ACC10291,0.4620283701630802
ACC10292,0.6495223390909968
ACC10293,0.24442728939496286
ACC10294,0.4819067837498794
ACC10295,0.26517417736176785
ACC10296,0.45865096979639103
ACC10297,0.6024317282640163
ACC10298,0.5117244041300781
ACC10299,0.6927530637846183
ACC10300,0.7531602817716877
ACC10301,0.3988227347293255
ACC10302,0.6070635916240471
ACC10303,0.9184599054327898
ACC10304,0.3763388980025089
ACC10305,0.7367557657049117
ACC10306,0.8404902055389366
ACC10307,0.3412139341889414
ACC10308,0.5530251857570202
ACC10309,0.9514619318730098
ACC10310,0.7658014088584387
ACC10311,0.7803724790118691
ACC10312,0.5179967190967867
ACC10313,0.4605809128630705
ACC10314,0.22223294412814823
ACC10315,0.5960629161439738
ACC10316,0.32056354337547044
ACC10317,0.3915854482292772
ACC10318,0.8124095339187494
ACC10319,0.46212486731641417
ACC10320,0.6469169159509794
ACC10321,0.9390137990929267
ACC10322,0.6400656180642671
ACC10323,0.868088391392454
ACC10324,0.8975200231593168
ACC10325,0.21808356653478722
ACC10326,0.1293061854675287
ACC10327,0.8808260156325388
ACC10328,0.3663996912091093
ACC10329,0.4252629547428351
ACC10330,0.7550902248383673
ACC10331,0.6080285631573868
ACC10332,0.8484029721123227
ACC10333,0.15671137701437807
ACC10334,0.20775837112805173
ACC10335,0.38984849946926564
ACC10336,0.5765704911705105
ACC10337,0.6037826884106919
ACC10338,0.136350477660909
ACC10339,0.508250506610055
ACC10340,0.7237286500048249
ACC10341,0.6331178230242208
ACC10342,0.4642478046897617
ACC10343,0.5950014474573
ACC10344,0.010132201100067548
ACC10345,0.5384541156035897
ACC10346,0.3847341503425649
ACC10347,0.7142719289780951
ACC10348,0.4487117630029914
ACC10349,0.042941233233619605
ACC10350,0.8436746115989578
ACC10351,0.13490302036089935
ACC10352,0.7096400656180643
ACC10353,0.07372382514715815
ACC10354,0.45633503811637555
ACC10355,0.7441860465116279
ACC10356,0.1185950014474573
ACC10357,0.830840490205539
ACC10358,0.8292965357521953
ACC10359,0.005017851973366786
ACC10360,0.35974138762906493
ACC10361,0.4052880440027019
ACC10362,0.971050853999807
ACC10363,0.5993438193573289
ACC10364,0.3355206021422368
ACC10365,0.5229180739168194
ACC10366,0.13335906590755572
ACC10367,0.6713306957444756
ACC10368,0.5855447264305703
ACC10369,0.6824278683778828
ACC10370,0.3626363022290842
ACC10371,0.6695937469844639
ACC10372,0.16279069767441862
ACC10373,0.719193283798128
ACC10374,0.8153044485187687
ACC10375,0.04458168484029721
ACC10376,0.6770240277911802
ACC10377,0.3613818392357425
ACC10378,0.13750844350091673
ACC10379,0.850911898099006
ACC10380,0.6759625591045064
ACC10381,0.10016404516066776
ACC10382,0.9425841937662839
ACC10383,0.6620669690244138
ACC10384,0.47833638907652226
ACC10385,0.6340827945575606
ACC10386,0.5861237093505741
ACC10387,0.7459229952716395
ACC10388,0.8406831998456046
ACC10389,0.896555051625977
ACC10390,0.9662259963331081
ACC10391,0.07941715719386278
ACC10392,0.33909099681559396
ACC10393,0.9042748238926952
ACC10394,0.9803145807198688
ACC10395,0.4479397857763196
ACC10396,0.48451220688989677
ACC10397,0.5133648557367557
ACC10398,0.17745826498118306
ACC10399,0.6584965743510567
ACC10400,0.11000675480073338
ACC10401,0.8971340345459808
ACC10402,0.36437325098909584
ACC10403,0.7164913635047766
ACC10404,0.9002219434526681
ACC10405,0.3425648943356171
ACC10406,0.40567403261603785
ACC10407,0.5527356942970182
ACC10408,0.03734439834024896
ACC10409,0.22792627617485284
ACC10410,0.7898292000385989
ACC10411,0.04323072469362154
ACC10412,0.2458747466949725
ACC10413,0.14262279262761748
ACC10414,0.16578210942777188
ACC10415,0.4492907459229953
ACC10416,0.9512689375663418
ACC10417,0.6399691209109332
ACC10418,0.14860561613432405
ACC10419,0.06484608704043231
ACC10420,0.9815690437132104
ACC10421,0.3363890765222426
ACC10422,0.9288815979928592
ACC10423,0.4268069091961787
ACC10424,0.9559972980797067
ACC10425,0.9020553893660137
ACC10426,0.7216057126314773
ACC10427,0.15902730869439352
ACC10428,0.050853999807005695
ACC10429,0.4278683778828525
ACC10430,0.6944900125446299
ACC10431,0.31911608607546077
ACC10432,0.574351056643829
ACC10433,0.8164624143587764
ACC10434,0.018334459133455563
ACC10435,0.9686384251664576
ACC10436,0.19096786644793978
ACC10437,0.5877641609572518
ACC10438,0.7569236707517129
ACC10439,0.5076715236900512
ACC10440,0.9716298369198109
ACC10441,0.8112515680787417
ACC10442,0.7708192608318054
ACC10443,0.19193283798127955
ACC10444,0.032326546366882175
ACC10445,0.863649522339091
ACC10446,0.12303387050082022
ACC10447,0.17996719096786645
ACC10448,0.723149667084821
ACC10449,0.7155263919714369
ACC10450,0.06870597317379137
ACC10451,0.24626073530830841
ACC10452,0.40847245006272315
ACC10453,0.32673936118884495
ACC10454,0.12959567692753063
ACC10455,0.4204380970761363
ACC10456,0.12660426517417736
ACC10457,0.727395541831516
ACC10458,0.37691788092251277
ACC10459,0.31390523979542606
ACC10460,0.37218952040914793
ACC10461,0.24278683778828525
ACC10462,0.8464730290456431
ACC10463,0.37296149763581976
ACC10464,0.18324809418122165
ACC10465,0.9856219241532375
ACC10466,0.34555630608897037
ACC10467,0.15844832577438966
ACC10468,0.34806523207565376
ACC10469,0.08742642092058284
ACC10470,0.4553700665830358
ACC10471,0.3587764160957252
ACC10472,0.011000675480073338
ACC10473,0.47862588053652416
ACC10474,0.8044002701920293
ACC10475,0.08655794654057705
ACC10476,0.6085110489240567
ACC10477,0.32577438965550515
ACC10478,0.6461449387243077
ACC10479,0.3628292965357522
ACC10480,0.2347775740615652
ACC10481,0.44938724307632927
ACC10482,0.09070732413393805
ACC10483,0.06986393901379909
ACC10484,0.20679339959471196
ACC10485,0.47254655987648364
ACC10486,0.8668339283991122
ACC10487,0.5461738878703079
ACC10488,0.33069574447553796
ACC10489,0.3189230917687928
ACC10490,0.1549744282543665
ACC10491,0.7080961111647206
ACC10492,0.9886133359065907
ACC10493,0.059152754993727685
ACC10494,0.39612081443597413
ACC10495,0.9008009263726721
ACC10496,0.9119945961594133
ACC10497,0.4367461159895783
ACC10498,0.23815497442825437
ACC10499,0.2813856991218759
ACC10500,0.1636591720544244
ACC10501,0.5250410112901669
ACC10502,0.6718131815111454
ACC10503,0.7878027598185854
ACC10504,0.9344784328862299
ACC10505,0.8550612756923671
ACC10506,0.8738782205924925
ACC10507,0.6986393901379909
ACC10508,0.6548296825243656
ACC10509,0.764160957251761
ACC10510,0.39814725465598766
ACC10511,0.5060310720833735
ACC10512,0.9771301746598475
ACC10513,0.07131139631380874
ACC10514,0.025475248480169833
ACC10515,0.13364855736755765
ACC10516,0.6124674322107497
ACC10517,0.7843288622985622
ACC10518,0.9405577535462704
ACC10519,0.11965647013413104
ACC10520,0.760590562578404
ACC10521,0.3690051143491267
ACC10522,0.9949821480266332
ACC10523,0.06996043616713307
ACC10524,0.9883238444465888
ACC10525,0.3226864807488179
ACC10526,0.8743607063591624
ACC10527,0.9885168387532568
ACC10528,0.27829779021518863
ACC10529,0.15564990832770434
ACC10530,0.09611116472064074
ACC10531,0.996043616713307
ACC10532,0.005210846280034739
ACC10533,0.05760880054038406
ACC10534,0.8547717842323651
ACC10535,0.30049213548200326
ACC10536,0.23670751712824473
ACC10537,0.950400463186336
ACC10538,0.7875132683585834
ACC10539,0.6790504680111936
ACC10540,0.285052590948567
ACC10541,0.8594036475923961
ACC10542,0.05847727492038985
ACC10543,0.3865675962559105
ACC10544,0.19810865579465406
ACC10545,0.405095049696034
ACC10546,0.34285438579561905
ACC10547,0.3169931487021133
ACC10548,0.9160474765994403
ACC10549,0.23236514522821577
ACC10550,0.05635433754704236
ACC10551,0.37913731544919427
ACC10552,0.9869728842999131
ACC10553,0.6563736369777091
ACC10554,0.5644118498504294
ACC10555,0.8144359741387629
ACC10556,0.8585351732123903
ACC10557,0.8276560841455177
ACC10558,0.409244427289395
ACC10559,0.7870307825919135
ACC10560,0.8739747177458265
ACC10561,0.3236514522821577
ACC10562,0.9814725465598765
ACC10563,0.24558525523497057
ACC10564,0.5699121875904661
ACC10565,0.8385602624722571
ACC10566,0.5048731062433658
ACC10567,0.367750651355785
ACC10568,0.9893853131332626
ACC10569,0.5767634854771784
ACC10570,0.9705683682331371
ACC10571,0.9844639583132297
ACC10572,0.7957155263919714
ACC10573,0.396603300202644
ACC10574,0.524944514136833
ACC10575,0.04101129016694008
ACC10576,0.6813663996912092
ACC10577,0.8247611695454984
ACC10578,0.3136157483354241
ACC10579,0.0008684743800057898
ACC10580,0.5775354627038503
ACC10581,0.7094470713113963
ACC10582,0.5770529769371804
ACC10583,0.8605616134324038
ACC10584,0.07526777960050178
ACC10585,0.48750361864325004
ACC10586,0.7285535076715237
ACC10587,0.02537875132683586
ACC10588,0.16288719482775257
ACC10589,0.3827077101225514
ACC10590,0.9200038598861333
ACC10591,0.5986683392839911
ACC10592,0.28534208240856895
ACC10593,0.7926276174852842
ACC10594,0.8719482775258129
ACC10595,0.017176493293447843
ACC10596,0.4956093795233041
ACC10597,0.3872430763292483
ACC10598,0.20524944514136834
ACC10599,0.5054520891633697
ACC10600,0.9852359355399015
ACC10601,0.37498793785583323
ACC10602,0.3302132587088681
ACC10603,0.04361671330695745
ACC10604,0.07140789346714271
ACC10605,0.49869728842999134
ACC10606,0.8180063688121201
ACC10607,0.9755862202065039
ACC10608,0.7429315835182863
ACC10609,0.09012834121393419
ACC10610,0.9996140113866641
ACC10611,0.9853324326932356
ACC10612,0.19473125542796488
ACC10613,0.541445527356943
ACC10614,0.4178326739361189
ACC10615,0.4984077969699894
ACC10616,0.35684647302904565
ACC10617,0.12766573386085112
ACC10618,0.09186528997394577
ACC10619,0.2855350767152369
ACC10620,0.016211521760108077
ACC10621,0.05751230338705008
ACC10622,0.9726913056064846
ACC10623,0.5515777284570105
ACC10624,0.5005307343433368
ACC10625,0.4519926662163466
ACC10626,0.4242979832094953
ACC10627,0.019974910740133165
ACC10628,0.20100357039467337
ACC10629,0.13702595773424683
ACC10630,0.9277236321528515
ACC10631,0.07777670558718518
ACC10632,0.9563832866930425
ACC10633,0.7467914696516452
ACC10634,0.5796584000771977
ACC10635,0.7888642285052591
ACC10636,0.7165878606581105
ACC10637,0.7224741870114831
ACC10638,0.2203030010614687
ACC10639,0.8358583421789058
ACC10640,0.8753256778925022
ACC10641,0.5252340055968349
ACC10642,0.4702306281964682
ACC10643,0.47495898870983305
ACC10644,0.12988516838753256
ACC10645,0.3164141657821094
ACC10646,0.2875615169352504
ACC10647,0.5924925214706166
ACC10648,0.7332818681848885
ACC10649,0.06494258419376628
ACC10650,0.9634275788864228
ACC10651,0.24365531216829103
ACC10652,0.3953488372093023
ACC10653,0.40326160378268844
ACC10654,0.2764643443018431
ACC10655,0.17485284184116567
ACC10656,0.01843095628678954
ACC10657,0.4396410305895976
ACC10658,0.5234970568368233
ACC10659,0.958602721219724
ACC10660,0.8484994692656567
ACC10661,0.3436263630222908
ACC10662,0.8042072758853613
ACC10663,0.24616423815497443
ACC10664,0.32326546366882175
ACC10665,0.8876773135192512
ACC10666,0.15439544533436264
ACC10667,0.28273665926855157
ACC10668,0.38618160764257453
ACC10669,0.40306860947602047
ACC10670,0.9352504101129017
ACC10671,0.5318923091768792
ACC10672,0.6079320660040529
ACC10673,0.4524751519830165
ACC10674,0.4657917591431053
ACC10675,0.8539998070056933
ACC10676,0.9810865579465405
ACC10677,0.11483161246743222
ACC10678,0.055485863167036575
ACC10679,0.7104120428447361
ACC10680,0.6791469651645277
ACC10681,0.8162694200521085
ACC10682,0.48325774389655507
ACC10683,0.995657628099971
ACC10684,0.6247225706841648
ACC10685,0.7178423236514523
ACC10686,0.8645179967190968
ACC10687,0.3115893081154106
ACC10688,0.5131718614300879
ACC10689,0.11907748721412718
ACC10690,0.15304448518768696
ACC10691,0.7565376821383769
ACC10692,0.8922126797259481
ACC10693,0.2814821962752099
ACC10694,0.7493968927916627
ACC10695,0.2408568947216057
ACC10696,0.8355688507189037
ACC10697,0.018527453440123517
ACC10698,0.706841648171379
ACC10699,0.8402972112322686
ACC10700,0.18932741484126217
ACC10701,0.34652127762231016
ACC10702,0.4041300781626942
ACC10703,0.7488179098716587
ACC10704,0.5717456335038117
ACC10705,0.5348837209302325
ACC10706,0.3810672585158738
ACC10707,0.38569912187590466
ACC10708,0.49889028273665925
ACC10709,0.9059152754993728
ACC10710,0.04265174177361768
ACC10711,0.9128630705394191
ACC10712,0.1247708192608318
ACC10713,0.5267779600501785
ACC10714,0.9219338029528129
ACC10715,0.4685901765897906
ACC10716,0.921451317186143
ACC10717,0.6333108173308888
ACC10718,0.2223294412814822
ACC10719,0.6933320467046222
ACC10720,0.28312264788188746
ACC10721,0.6358197433175722
ACC10722,0.5470423622503137
ACC10723,0.49242497346328284
ACC10724,0.026826208626845507
ACC10725,0.34941619222232945
ACC10726,0.5354627038502364
ACC10727,0.42294702306281967
ACC10728,0.44813278008298757
ACC10729,0.04573965068030493
ACC10730,0.7413876290649426
ACC10731,0.8649039853324327
ACC10732,0.3625398050757503
ACC10733,0.08897037537392646
ACC10734,0.7697577921451317
ACC10735,0.8490784521856605
ACC10736,0.24230435202161535
ACC10737,0.8427096400656181
ACC10738,0.7127279745247516
ACC10739,0.38203223004921355
ACC10740,0.4140692849560938
ACC10741,0.7592396024317283
ACC10742,0.4991797741966612
ACC10743,0.4291228408761942
ACC10744,0.36717166843578114
ACC10745,0.10006754800733378
ACC10746,0.2558139534883721
ACC10747,0.681752388304545
ACC10748,0.2069863939013799
ACC10749,0.6991218759046608
ACC10750,0.7167808549647785
ACC10751,0.2888159799285921
ACC10752,0.8197433175721316
ACC10753,0.7675383576184502
ACC10754,0.23487407121489917
ACC10755,0.03773038695358487
ACC10756,0.5700086847438001
ACC10757,0.545401910643636
ACC10758,0.5244620283701631
ACC10759,0.7826884106918846
ACC10760,0.43713210460291424
ACC10761,0.7949435491652996
ACC10762,0.6709447071311396
ACC10763,0.6803049310045354
ACC10764,0.09321625012062144
ACC10765,0.9908327704332722
ACC10766,0.06918845894046126
ACC10767,0.582746308983885
ACC10768,0.954453343626363
ACC10769,0.6022387339573483
ACC10770,0.37547042362250316
ACC10771,0.5736755765704912
ACC10772,0.17456335038116375
ACC10773,0.4095339187493969
ACC10774,0.7319309080382129
ACC10775,0.5600694779504005
ACC10776,0.012062144166747082
ACC10777,0.33947698542892984
ACC10778,0.30271157000868476
ACC10779,0.735694297018238
ACC10780,0.0896458554472643
ACC10781,0.7228601756248191
ACC10782,0.855447264305703
ACC10783,0.3360030879089067
ACC10784,0.18749396892791662
ACC10785,0.2838946251085593
ACC10786,0.42844736080285634
ACC10787,0.3479687349223198
ACC10788,0.8780275981858535
ACC10789,0.3879185564025861
ACC10790,0.08482099778056547
ACC10791,0.3740229663224935
ACC10792,0.056836823313712245
ACC10793,0.4555630608897038
ACC10794,0.648943356170993
ACC10795,0.640355109524269
ACC10796,0.7385892116182573
ACC10797,0.6272314966708482
ACC10798,0.5980893563639873
ACC10799,0.5709736562771398
ACC10800,0.7582746308983885
ACC10801,0.5305413490302036
ACC10802,0.4129113191160861
ACC10803,0.6794364566245296
ACC10804,0.17359837884782398
ACC10805,0.1512110392743414
ACC10806,0.6600405288044002
ACC10807,0.5785969313905239
ACC10808,0.3765318923091769
ACC10809,0.7995754125253305
ACC10810,0.0293351346135289
ACC10811,0.7392646916915951
ACC10812,0.29528128920196856
ACC10813,0.45836147833638907
ACC10814,0.433851201389559
ACC10815,0.9516549261796777
ACC10816,0.18353758564122358
ACC10817,0.9305220495995368
ACC10818,0.2911319116086075
ACC10819,0.24529576377496864
ACC10820,0.8823699700858825
ACC10821,0.22657531602817718
ACC10822,0.012158641320081058
ACC10823,0.5262954742835086
ACC10824,0.020939882273472932
ACC10825,0.8405867026922705
ACC10826,0.9400752677796005
ACC10827,0.6433465212776223
ACC10828,0.8978095146193187
ACC10829,0.8938531313326257
ACC10830,0.6389076522242594
ACC10831,0.11878799575412526
ACC10832,0.5548586316703658
ACC10833,0.6711377014378076
ACC10834,0.5264884685901766
ACC10835,0.07999614011386665
ACC10836,0.7261410788381742
ACC10837,0.4754414744765029
ACC10838,0.5595869921837305
ACC10839,0.2339090996815594
ACC10840,0.19231882659461547
ACC10841,0.47843288622985625
ACC10842,0.7314484222715429
ACC10843,0.8687638714657917
ACC10844,0.16336968059442247
ACC10845,0.29190388883527935
ACC10846,0.43452668146289686
ACC10847,0.8930811541059539
ACC10848,0.5730000964971533
ACC10849,0.7126314773714175
ACC10850,0.3731544919424877
ACC10851,0.7339573482582263
ACC10852,0.4541156035896941
ACC10853,0.5359451896169063
ACC10854,0.3376435395155843
ACC10855,0.5130753642767538
ACC10856,0.06513557850043424
ACC10857,0.2302422078548683
ACC10858,0.052011965647013415
ACC10859,0.6863842516645758
ACC10860,0.9040818295860272
ACC10861,0.5926855157772846
ACC10862,0.23082119077487215
ACC10863,0.6354337547042362
ACC10864,0.08366303194055776
ACC10865,0.8465695261989772
ACC10866,0.653092733764354
ACC10867,0.9735597799864903
ACC10868,0.9737527742931583
ACC10869,0.752291807391682
ACC10870,0.08144359741387629
ACC10871,0.22261893274148412
ACC10872,0.5202161536234681
ACC10873,0.8621055678857473
ACC10874,0.24027791180160185
ACC10875,0.6597510373443983
ACC10876,0.3516356267490109
ACC10877,0.6141078838174274
ACC10878,0.37305799478915375
ACC10879,0.4402200135096015
ACC10880,0.7920486345652803
ACC10881,0.6293544340441957
ACC10882,0.14600019299430667
ACC10883,0.7291324905915275
ACC10884,0.3237479494354917
ACC10885,0.6063881115507093
ACC10886,0.942294702306282
ACC10887,0.9354434044195696
ACC10888,0.2364180256682428
ACC10889,0.9881308501399209
ACC10890,0.18874843192125831
ACC10891,0.4878896072565859
ACC10892,0.08877738106725852
ACC10893,0.9073627327993824
ACC10894,0.1384734150342565
ACC10895,0.27154298948181027
ACC10896,0.8524558525523497
ACC10897,0.23622503136157483
ACC10898,0.7570201679050468
ACC10899,0.42246453729614974
ACC10900,0.7384927144649233
ACC10901,0.3892695165492618
ACC10902,0.5422175045836147
ACC10903,0.82649811830551
ACC10904,0.36350477660909003
ACC10905,0.39476985428929845
ACC10906,0.9578307439930522
ACC10907,0.9332239698928881
ACC10908,0.5058380777767056
ACC10909,0.7631959857184213
ACC10910,0.7543182476116954
ACC10911,0.7662838946251086
ACC10912,0.1516935250410113
ACC10913,0.8692463572324617
ACC10914,0.7077101225513848
ACC10915,0.7841358679918943
ACC10916,0.20138955900800926
ACC10917,0.9670944707131139
ACC10918,0.7236321528514909
ACC10919,0.3453633117823024
ACC10920,0.03531795812023545
ACC10921,0.4980218083566535
ACC10922,0.9036958409726913
ACC10923,0.7693718035317958
ACC10924,0.8354723535655698
ACC10925,0.681945382611213
ACC10926,0.32587088680883913
ACC10927,0.987455370066583
ACC10928,0.5836147833638907
ACC10929,0.8479204863456528
ACC10930,0.594808453150632
ACC10931,0.33561709929557076
ACC10932,0.14146482678760977
ACC10933,0.9311975296728746
ACC10934,0.747659944031651
ACC10935,0.4418604651162791
ACC10936,0.6656373636977709
ACC10937,0.3614783363890765
ACC10938,0.8257261410788381
ACC10939,0.9150825050661006
ACC10940,0.3877255620959182
ACC10941,0.9147930136060987
ACC10942,0.3466177747756441
ACC10943,0.3312747273955418
ACC10944,0.7573096593650487
ACC10945,0.6259770336775066
ACC10946,0.7460194924249735
ACC10947,0.02016790504680112
ACC10948,0.9286886036861912
ACC10949,0.6402586123709351
ACC10950,0.3840586702692271
ACC10951,0.2897809514619319
ACC10952,0.9658400077197723
ACC10953,0.3575219531023835
ACC10954,0.27878027598185856
ACC10955,0.15198301650101323
ACC10956,0.006947795040046318
ACC10957,0.599247322203995
ACC10958,0.301650101322011
ACC10959,0.36688217697577924
ACC10960,0.8052687445720351
ACC10961,0.8331564218855544
ACC10962,0.3687156228891248
ACC10963,0.03194055775354627
ACC10964,0.4678181993631188
ACC10965,0.6669883238444466
ACC10966,0.9442246453729615
ACC10967,0.4239119945961594
ACC10968,0.7955225320853034
ACC10969,0.0425552446202837
ACC10970,0.15970278876773136
ACC10971,0.06803049310045353
ACC10972,0.8349898677988999
ACC10973,0.03145807198687639
ACC10974,0.937855833252919
ACC10975,0.3809707613625398
ACC10976,0.6391006465309274
ACC10977,0.6956479783846377
ACC10978,0.4880826015632539
ACC10979,0.7263340731448422
ACC10980,0.6554086654443694
ACC10981,0.6715236900511435
ACC10982,0.8616230821190775
ACC10983,0.8858438676059056
ACC10984,0.6170992955707807
ACC10985,0.9922802277332818
ACC10986,0.9345749300395638
ACC10987,0.698349898677989
ACC10988,0.17861623082119077
ACC10989,0.8149184599054328
ACC10990,0.9477950400463186
ACC10991,0.2863070539419087
ACC10992,0.6094760204573965
ACC10993,0.3483547235356557
ACC10994,0.9058187783460387
ACC10995,0.7042362250313616
ACC10996,0.5909485670172729
ACC10997,0.5885361381839236
ACC10998,0.23323361960822156
ACC10999,0.5629643925504197
ACC11000,0.7740036668918266
MERCHANT1,0.2536910161150246
MERCHANT100,0.2550419762617003
MERCHANT101,0.2504101129016694
MERCHANT102,0.2475151983016501
MERCHANT103,0.10633986297404227
MERCHANT104,0.25156807874167714
MERCHANT105,0.11068223487407121
MERCHANT107,0.26420920582842805
MERCHANT108,0.2512785872816752
MERCHANT109,0.11010325195406735
MERCHANT11,0.10257647399401718
MERCHANT111,0.2483836726816559
MERCHANT112,0.7712052494451413
MERCHANT115,0.3025185757020168
MERCHANT116,0.2532085303483547
MERCHANT117,0.11222618932741484
MERCHANT118,0.29450931197529673
MERCHANT119,0.10624336582070829
MERCHANT120,0.2959567692753064
MERCHANT121,0.26633214320177556
MERCHANT123,0.25533146772170223
MERCHANT125,0.10605037151404034
MERCHANT128,0.11473511531409823
MERCHANT13,0.29431631766862876
MERCHANT130,0.10296246260735309
MERCHANT132,0.2609283026150729
MERCHANT133,0.11367364662742449
MERCHANT136,0.2612177940750748
MERCHANT137,0.26150728553507674
MERCHANT138,0.1024799768406832
MERCHANT139,0.3049310045353662
MERCHANT14,0.25398050757502655
MERCHANT140,0.10170799961401139
MERCHANT141,0.2482871755283219
MERCHANT142,0.26710412042844733
MERCHANT143,0.10305895976068706
MERCHANT148,0.2961497635819743
MERCHANT15,0.10807681173405384
MERCHANT150,0.2509890958216733
MERCHANT152,0.256199942101708
MERCHANT153,0.26179677699507864
MERCHANT154,0.10595387436070636
MERCHANT155,0.2548489819550323
MERCHANT156,0.2949917977419666
MERCHANT157,0.11454212100743028
MERCHANT158,0.10836630319405577
MERCHANT159,0.29306185467528706
MERCHANT16,0.2560069477950401
MERCHANT160,0.2496381356749976
MERCHANT161,0.25764739940171766
MERCHANT162,0.2985621924153237
MERCHANT163,0.3013606098620091
MERCHANT164,0.2547524848016984
MERCHANT165,0.2998166554086654
MERCHANT166,0.2557174563350381
MERCHANT167,0.2508925986683393
MERCHANT168,0.29402682620862686
MERCHANT169,0.29412332336196084
MERCHANT17,0.11097172633407315
MERCHANT170,0.2984656952619898
MERCHANT171,0.10759432596738396
MERCHANT172,0.11531409823410209
MERCHANT175,0.10199749107401332
MERCHANT176,0.29933416964199555
MERCHANT177,0.2516645758950111
MERCHANT178,0.2585158737817234
MERCHANT179,0.29798320949531987
MERCHANT18,0.7741001640451607
MERCHANT180,0.10489240567403262
MERCHANT183,0.2677796005017852
MERCHANT184,0.5610344494837403
MERCHANT185,0.2500241242883335
MERCHANT187,0.268551577728457
MERCHANT19,0.10440991990736273
MERCHANT190,0.264402200135096
MERCHANT191,0.2957637749686384
MERCHANT193,0.1078838174273859
MERCHANT195,0.25012062144166747
MERCHANT196,0.25648943356170995
MERCHANT197,0.10276946830068513
MERCHANT198,0.11232268648074882
MERCHANT20,0.10855929750072373
MERCHANT200,0.10691884589404613
MERCHANT201,0.24983112998166554
MERCHANT202,0.5592975007237286
MERCHANT203,0.10450641706069672
MERCHANT204,0.26546366882176975
MERCHANT205,0.2587088680883914
MERCHANT208,0.26285824568175237
MERCHANT209,0.252243558815015
MERCHANT21,0.10354144552735695
MERCHANT210,0.25031361574833544
MERCHANT213,0.558043037730387
MERCHANT216,0.251954067355013
MERCHANT217,0.2569719193283798
MERCHANT218,0.29807970664865385
MERCHANT22,0.1016115024606774
MERCHANT222,0.11357714947409052
MERCHANT223,0.29692174080864614
MERCHANT224,0.2597703367750651
MERCHANT225,0.2571649136350478
MERCHANT226,0.24886615844832577
MERCHANT227,0.10469941136736466
MERCHANT228,0.25938434816172923
MERCHANT229,0.2983691981086558
MERCHANT23,0.10566438290070443
MERCHANT230,0.11174370356074496
MERCHANT231,0.5594904950303966
MERCHANT233,0.2672971147351153
MERCHANT235,0.25668242786837786
MERCHANT236,0.29769371803531797
MERCHANT238,0.2986586895686577
MERCHANT239,0.2584193766283895
MERCHANT24,0.2637267200617582
MERCHANT240,0.5567885747370452
MERCHANT241,0.2950882948953006
MERCHANT243,0.26170027984174465
MERCHANT244,0.2960532664286404
MERCHANT245,0.26768310334845125
MERCHANT246,0.10904178326739361
MERCHANT247,0.2586123709350574
MERCHANT248,0.11772652706745151
MERCHANT249,0.10682234874071216
MERCHANT25,0.2534015246550227
MERCHANT251,0.25176107304834505
MERCHANT253,0.2622792627617485
MERCHANT255,0.2598668339283991
MERCHANT256,0.29682524365531215
MERCHANT258,0.2635337257550902
MERCHANT26,0.25928785100839524
MERCHANT260,0.2991411753353276
MERCHANT262,0.11425262954742835
MERCHANT263,0.10228698253401525
MERCHANT264,0.2525330502750169
MERCHANT265,0.25774389655505164
MERCHANT266,0.268648074881791
MERCHANT267,0.2534980218083567
MERCHANT268,0.1160860754607739
MERCHANT269,0.2524365531216829
MERCHANT27,0.3000096497153334
MERCHANT270,0.11270867509408472
MERCHANT272,0.11627906976744186
MERCHANT275,0.29788671234198594
MERCHANT277,0.2595773424683972
MERCHANT278,0.2570684164817138
MERCHANT279,0.24876966129499178
MERCHANT28,0.24809418122165397
MERCHANT280,0.26054231400173694
MERCHANT281,0.29643925504197627
MERCHANT282,0.10798031458071987
MERCHANT283,0.26266525137508445
MERCHANT284,0.26391971436842615
MERCHANT285,0.2611212969217408
MERCHANT287,0.5626749010904178
MERCHANT288,0.3029045643153527
MERCHANT29,0.2963427578886423
MERCHANT290,0.2652706745151018
MERCHANT291,0.29421982051529477
MERCHANT292,0.10933127472739554
MERCHANT293,0.25909485670172727
MERCHANT295,0.2633407314484223
MERCHANT297,0.24848016983498986
MERCHANT298,0.1140596352407604
MERCHANT299,0.2574544050950497
MERCHANT3,0.26642864035510955
MERCHANT30,0.10913828042072758
MERCHANT300,0.26662163466177746
MERCHANT301,0.29547428350863647
MERCHANT303,0.26411270867509407
MERCHANT304,0.24857666698832384
MERCHANT305,0.2634372286017562
MERCHANT307,0.26305123998842034
MERCHANT308,0.10402393129402683
MERCHANT309,0.10981376049406542
MERCHANT31,0.10711184020071408
MERCHANT310,0.25890186239505936
MERCHANT311,0.24819067837498793
MERCHANT312,0.293544340441957
MERCHANT313,0.5581395348837209
MERCHANT314,0.7746791469651645
MERCHANT315,0.2621827656084145
MERCHANT316,0.772942198205153
MERCHANT317,0.2506996043616713
MERCHANT318,0.29441281482196274
MERCHANT32,0.2937373347486249
MERCHANT320,0.26507768020843386
MERCHANT321,0.25311203319502074
MERCHANT322,0.26430570298176204
MERCHANT326,0.2608318054617389
MERCHANT327,0.247901186914986
MERCHANT329,0.29315835182862104
MERCHANT331,0.10865579465405771
MERCHANT332,0.29325484898195503
MERCHANT334,0.2610247997684068
MERCHANT335,0.25523497056836825
MERCHANT336,0.2572614107883817
MERCHANT337,0.24973463282833155
MERCHANT338,0.25301553604168675
MERCHANT340,0.11714754414744764
MERCHANT343,0.29653575219531025
MERCHANT344,0.25262954742835086
MERCHANT346,0.10209398822734729
MERCHANT347,0.7718807295184792
MERCHANT348,0.10498890282736659
MERCHANT349,0.2948953005886326
MERCHANT350,0.1111647206407411
MERCHANT351,0.24867316414165783
MERCHANT353,0.26797259480845315
MERCHANT356,0.2535945189616906
MERCHANT358,0.29817620380198784
MERCHANT359,0.2649811830550999
MERCHANT360,0.25407700472836053
MERCHANT363,0.11637556692077583
MERCHANT364,0.25899835954839334
MERCHANT366,0.3012641127086751
MERCHANT367,0.29393032905529287
MERCHANT37,0.24761169545498407
MERCHANT371,0.26884106918845896
MERCHANT372,0.11261217794075075
MERCHANT373,0.10421692560069477
MERCHANT374,0.1037344398340249
MERCHANT375,0.252147061661681
MERCHANT376,0.2619897713017466
MERCHANT377,0.25185757020167904
MERCHANT378,0.10238347968734922
MERCHANT379,0.25426999903502845
MERCHANT38,0.25147158158834315
MERCHANT380,0.10740133166071601
MERCHANT381,0.252050564508347
MERCHANT382,0.11184020071407894
MERCHANT383,0.11396313808742642
MERCHANT384,0.10884878896072565
MERCHANT385,0.11029624626073531
MERCHANT386,0.2491556499083277
MERCHANT387,0.11193669786741291
MERCHANT388,0.1144456238540963
MERCHANT389,0.11502460677410016
MERCHANT39,0.2607353083084049
MERCHANT391,0.24925214706166168
MERCHANT392,0.29537778635530254
MERCHANT393,0.26401621152176014
MERCHANT396,0.2606388111550709
MERCHANT397,0.26131429122840877
MERCHANT398,0.2987551867219917
MERCHANT399,0.26295474283508635
MERCHANT4,0.2510855929750072
MERCHANT40,0.5574640548103831
MERCHANT400,0.2575509022483837
MERCHANT403,0.24896265560165975
MERCHANT404,0.25639293640837596
MERCHANT405,0.25687542217504583
MERCHANT406,0.1041204284473608
MERCHANT408,0.24944514136832963
MERCHANT409,0.268455080575123
MERCHANT41,0.25919135385506126
MERCHANT411,0.26382321721509217
MERCHANT412,0.2533050275016887
MERCHANT413,0.2623757599150825
MERCHANT414,0.2658496574351057
MERCHANT415,0.26025282254173504
MERCHANT416,0.2665251375084435
MERCHANT417,0.25050661005500335
MERCHANT418,0.2672006175817813
MERCHANT419,0.29894818102865967
MERCHANT42,0.10180449676734536
MERCHANT420,0.11512110392743415
MERCHANT422,0.2938338319019589
MERCHANT423,0.24905915275499374
MERCHANT424,0.2511820901283412
MERCHANT426,0.10460291421403069
MERCHANT427,0.26044581684840296
MERCHANT428,0.26932355495512883
MERCHANT429,0.10431342275402876
MERCHANT43,0.2495416385216636
MERCHANT430,0.25417350188169446
MERCHANT431,0.24992762713499952
MERCHANT432,0.2682620862684551
MERCHANT433,0.2657531602817717
MERCHANT434,0.1128051722474187
MERCHANT436,0.11463861816076426
MERCHANT437,0.10508539998070057
MERCHANT438,0.25436649618836243
MERCHANT439,0.11048924056740327
MERCHANT44,0.11541059538743607
MERCHANT441,0.26536717166843576
MERCHANT442,0.11434912670076233
MERCHANT444,0.3021325870886809
MERCHANT446,0.10962076618739747
MERCHANT447,0.25793689086171956
MERCHANT448,0.10585737720737239
MERCHANT449,0.10971726334073145
MERCHANT451,0.5625784039370838
MERCHANT453,0.293447843288623
MERCHANT455,0.10778732027405191
MERCHANT456,0.29779021518865195
MERCHANT459,0.3001061468686674
MERCHANT46,0.3010711184020071
MERCHANT460,0.11685805268744572
MERCHANT462,0.2646916915950979
MERCHANT464,0.25137508443500917
MERCHANT465,0.297597220881984
MERCHANT467,0.11299816655408665
MERCHANT468,0.10923477757406157
MERCHANT469,0.24799768406831998
MERCHANT47,0.10190099392067933
MERCHANT470,0.2662356460484416
MERCHANT472,0.11126121779407508
MERCHANT473,0.11589308115410596
MERCHANT474,0.24770819260831806
MERCHANT475,0.2971147351153141
MERCHANT478,0.25060310720833734
MERCHANT479,0.2656566631284377
MERCHANT48,0.26893756634179294
MERCHANT480,0.2636302229084242
MERCHANT481,0.2544629933416964
MERCHANT482,0.2647881887484319
MERCHANT484,0.10769082312071794
MERCHANT485,0.11550709254077005
MERCHANT487,0.5588150149570588
MERCHANT488,0.2972112322686481
MERCHANT489,0.10518189713403454
MERCHANT49,0.5598764836437325
MERCHANT492,0.2982727009553218
MERCHANT494,0.11145421210074302
MERCHANT495,0.26922705780179484
MERCHANT496,0.10383093698735887
MERCHANT5,0.1057608800540384
MERCHANT50,0.2947023062819647
MERCHANT500,0.25552446202837015
MERCHANT53,0.2970182379619801
MERCHANT54,0.10315545691402103
MERCHANT56,0.11415613239409438
MERCHANT57,0.1131911608607546
MERCHANT59,0.2681655891151211
MERCHANT60,0.10614686866737431
MERCHANT63,0.10846280034738975
MERCHANT64,0.11039274341406928
MERCHANT65,0.2618932741484126
MERCHANT67,0.11251568078741678
MERCHANT68,0.11328765801408859
MERCHANT69,0.26787609765511916
MERCHANT7,0.11212969217408086
MERCHANT70,0.2999131525619994
MERCHANT71,0.11598957830743993
MERCHANT72,0.2694200521084628
MERCHANT73,0.2583228794750555
MERCHANT74,0.1082698060407218
MERCHANT75,0.29663224934864424
MERCHANT76,0.2673936118884493
MERCHANT77,0.10875229180739168
MERCHANT79,0.2659461545884396
MERCHANT80,0.10556788574737046
MERCHANT81,0.2507961015150053
MERCHANT82,0.3007816269420052
MERCHANT83,0.10720833735404806
MERCHANT85,0.24780468976165204
MERCHANT88,0.772652706745151
MERCHANT89,0.10219048538068128
MERCHANT9,0.10942777188072952
MERCHANT90,0.2660426517417736
MERCHANT94,0.2545594904950304
MERCHANT98,0.29672874650197817
MERCHANT99,0.11106822348740712
